smiles,ChEMBL_ID,activity,target,binding_score
Fc1cc(F)c(cc1Cl)-c1cc(Nc2ccncc2)c2cc[nH]c2n1,CHEMBL4437930,100.0,CYP2C8,-9.83006
OCc1ccc(Oc2ccc(cc2C#N)S(=O)(=O)Nc2ccc(F)cn2)cc1Cl,CHEMBL3688197,9900.0,CYP2C8,-10.14006
CNC(=O)c1c(oc2ccc(cc12)-c1cc(ccc1C)C(=O)NC1(CC1)c1cccnc1)-c1ccc(F)cc1,CHEMBL4096241,350.0,CYP2C8,-11.63223
CC(C)(C)NC(=O)NCCN1CCC(CO)(CNC(=O)c2cc(Cl)cc(Cl)c2)CC1,CHEMBL2337981,10000.0,CYP2C8,-9.02501
C1N=C(Nc2cc(ncn2)-n2ccnc2)O[C@]11CN2CCC1CC2,CHEMBL4084621,30000.0,CYP2C8,-8.48749
CN(C)C(=O)c1ccc(OCCCCC[C@H]2CC[C@@]3(COC(C)(C)C3)CC2)cc1,CHEMBL4205617,10000.0,CYP2C8,-9.36736
CCN(C(=O)C1CC1)c1cc(cc(C(=O)NCc2c(C)cc(C)[nH]c2=O)c1C)-c1ccc(nc1C)N1CCN(CC2CC2)CC1,CHEMBL4862681,2440.0,CYP2C8,-11.03578
Fc1ccc(cc1F)-c1cc(Nc2ccncc2)c2cc[nH]c2n1,CHEMBL4526347,630.96,CYP2C8,-9.85624
Cc1cc(NC(=O)c2cccc(c2)S(=O)(=O)N[C@H]2CCOC2)ccc1F,CHEMBL4159471,10000.0,CYP2C8,-9.36493
C[C@H](NS(=O)(=O)c1ccc(-c2sc(nc2C(=O)N2CCC(F)CC2)C(=O)NCC(C)(C)O)c(Cl)c1Cl)C(F)(F)F,CHEMBL4643996,10000.0,CYP2C8,-10.64152
CC(C)(CCN(C[C@H]1Cc2ccccc2CN1)[C@H]1CCCc2cccnc12)CNC1CCC(C)(C)CC1,CHEMBL4086662,5000.0,CYP2C8,-11.04161
COC(=O)Nc1c(N)nc(nc1N)-c1nn(Cc2ccccc2F)c2ncc(F)cc12,CHEMBL4066936,50000.0,CYP2C8,-9.9487
CCCCNc1nc(N)nc2cccc(C(=O)N[C@@H](C)c3cccc(OC)c3)c12,CHEMBL4205717,,CYP2C8,-9.84946
C\\C(CN(C[C@H]1Cc2ccccc2CN1)[C@H]1CCCc2cccnc12)=C(\\F)CN,CHEMBL4169450,18000.0,CYP2C8,-10.01968
C[C@H]1N(CCc2c1nnn2-c1ncc(F)cn1)C(=O)c1cccc(c1Cl)C(F)(F)F,CHEMBL4079239,9600.0,CYP2C8,-9.72401
Nc1cccc(c1)-c1ccc(cc1)S(=O)(=O)Nc1ccnn1-c1ccccc1,CHEMBL333108,8000.0,CYP2C8,-11.32045
CCCCNc1nc(N)nc2cccc(C(=O)NC(C)C)c12,CHEMBL4209289,10000.0,CYP2C8,-7.96898
Cc1ccc(cc1)-n1nc(cc1NC(=O)Nc1ccc(cc1)-c1nnc(S)n1C)C(C)(C)C,CHEMBL2425148,10000.0,CYP2C8,-10.50462
CCCCCCCC(=O)CCc1ccc(O)c(OC)c1,CHEMBL2071440,5100.0,CYP2C8,-7.52598
CCc1nc(Oc2ccc(cc2)C(O)=O)ccc1CN1CCC(CC1)N1[C@@H](CN(C2CCOCC2)C1=O)c1ccccc1,CHEMBL2435856,73000.0,CYP2C8,-11.55693
Cn1cc(-c2ccc3N(CCc3c2F)C(=O)Cc2cccc(n2)C(F)(F)F)c2c(N)ncnc12,CHEMBL2441342,5830.0,CYP2C8,-11.77499
C[C@@H](O[C@H]1CC[C@@]2(CC1)CCC(F)(F)CO2)c1nc(no1)-c1cc(F)c(CS(C)(=O)=O)c(F)c1,CHEMBL4548931,50000.0,CYP2C8,-10.21943
CCn1cnc2c(cnnc12)-c1ccc(F)c(c1)-c1ccc(cc1OC)S(=O)(=O)CC,CHEMBL3647536,52000.0,CYP2C8,-9.5691
OC(=O)c1ccccc1NC(=O)CCc1nc(no1)-c1ccc(O)cn1,CHEMBL237248,100000.0,CYP2C8,-9.4274
OC(=O)c1ccccc1NC(=O)CCc1cnc(s1)-c1ccc(O)cc1Cl,CHEMBL236162,1200.0,CYP2C8,-9.62157
OCCCN(c1ccnn1-c1ccccc1)S(=O)(=O)c1ccc(CC=C)cc1,CHEMBL333210,35000.0,CYP2C8,-8.22963
NCCCc1ccc(cc1)S(=O)(=O)N(CCCO)c1ccnn1-c1ccccc1,CHEMBL121241,200000.0,CYP2C8,-8.29973
CC(C)N(c1ccnn1-c1ccccc1)S(=O)(=O)c1ccc(N)cc1,CHEMBL121323,30000.0,CYP2C8,-8.78287
CNC(=O)c1c(oc2ccc(cc12)-c1cc(ccc1C)C(=O)NC1(CC1)c1ccncc1)-c1ccc(F)cc1,CHEMBL4086080,26.0,CYP2C8,-11.60236
COc1ccc2[nH]c(SCc3ccc(OCc4ccccc4)cc3)nc2c1,CHEMBL2018926,680.0,CYP2C8,-10.18845
C(Sc1nc2ccccc2[nH]1)c1ccccn1,CHEMBL296580,4780.0,CYP2C8,-8.03172
Nc1cccc(c1)-c1ccc(cc1)S(=O)(=O)N(CCCO)c1ccnn1-c1ccccc1,CHEMBL121503,13000.0,CYP2C8,-10.14607
CN(Cc1n(Cc2ccncc2)c(=O)cc2[nH]n(-c3ccccc3Cl)c(=O)c12)c1ccccc1,CHEMBL1277677,3600.0,CYP2C8,-10.23126
OC(=O)C1=C(CCC1)NC(=O)CCc1noc-2c1CCc1cc(O)ccc-21,CHEMBL485326,47000.0,CYP2C8,-10.43389
CCCc1ccc(cc1)C(=O)CCCN1CCC(CC1)C(O)(c1ccccc1)c1ccccc1,CHEMBL208528,100000.0,CYP2C8,-11.13096
Cc1ccc(cc1)-n1nc(cc1NC(=O)Nc1ccc(cc1)-c1csnn1)C(C)(C)C,CHEMBL2425151,10000.0,CYP2C8,-10.29484
Cc1ccc(cc1)-n1nc(cc1NC(=O)Nc1ccc(cc1)-c1ccc(N)nc1)C(C)(C)C,CHEMBL2425157,10000.0,CYP2C8,-11.26718
Clc1cc(ccn1)-c1nc(CSc2nnc(-c3ccncc3)n2C2CC2)no1,CHEMBL2069799,20000.0,CYP2C8,-9.05391
OC(=O)c1ccccc1NC(=O)CCc1ncc(s1)-c1ccc(O)cn1,CHEMBL237247,9300.0,CYP2C8,-9.55702
CNC(=O)c1c(oc2ccc(c(F)c12)-c1cc(ccc1C)C(=O)NC1(CC1)c1ncccn1)-c1ccc(F)cc1,CHEMBL4093031,6700.0,CYP2C8,-11.37789
CNC(=O)c1c(oc2ccc(cc12)-c1cc(ccc1C)C(=O)NC1(CC1)c1ccccc1)-c1ccc(F)cc1,CHEMBL4088517,1500.0,CYP2C8,-12.16257
CCNCc1cc(Nc2ccnc3cc(Cl)ccc23)ccc1O,CHEMBL1235,20000.0,CYP2C8,-9.30146
Cc1cc(OCCN2CCOCC2)nn1-c1ccc2ccccc2c1,CHEMBL2170062,10000.0,CYP2C8,-9.49606
CS(=O)(=O)c1ccc(Oc2cc(F)cc(c2)C#N)c2CC(F)(F)[C@@H](O)c12,CHEMBL4173075,50000.0,CYP2C8,-9.48435
Cc1ncn(n1)-c1cc(Cl)c(C(=O)NC[C@@H](c2cccc(F)c2)c2nc3c(F)ccc(C)c3c(=O)[nH]2)c(Cl)c1,CHEMBL3627899,24400.0,CYP2C8,-12.27525
Cl.CCN(CC)Cc1cc(Nc2ccnc3cc(Cl)ccc23)ccc1O,CHEMBL1630,2700.0,CYP2C8,-8.97079
Cc1cn(cn1)-c1ccc(NC(=O)Nc2cc(nn2-c2ccc(C)cc2)C(C)(C)C)cc1,CHEMBL2425145,10000.0,CYP2C8,-10.9545
Cc1ccc(cc1)-n1nc(cc1NC(=O)Nc1ccc(cc1)-c1ccncc1)C(C)(C)C,CHEMBL2425158,10000.0,CYP2C8,-10.83129
OCCCCN(c1ccnn1-c1ccccc1)S(=O)(=O)c1ccc(cc1)-c1cccc(c1)[N+]([O-])=O,CHEMBL121420,250000.0,CYP2C8,-10.09869
CC(C)CCN(c1ccnn1-c1ccccc1)S(=O)(=O)c1ccc(N)cc1,CHEMBL414238,3000.0,CYP2C8,-8.50812
Cl.CCN(CC)Cc1cc(Nc2ccnc3cc(Cl)ccc23)ccc1O,CHEMBL1630,2700.0,CYP2C8,-8.97079
COc1cc(cc(OC)c1CN(C)C)-c1cn(C)c(=O)c2cnccc12,CHEMBL3823478,50000.0,CYP2C8,-8.19553
CCN1CCC(CC1)N1CCc2nc(Nc3ncc(F)c(n3)-c3cc(F)c4nc(C)n(C(C)C)c4c3)ccc2C1,CHEMBL4203179,50000.0,CYP2C8,-11.27912
CC(C)(Cc1nc(no1)-c1ccc(O)cn1)C(=O)NC1=C(CCCC1)C(O)=O,CHEMBL1086657,100000.0,CYP2C8,-9.43084
CC(C)(C)NCc1cc(Nc2ccnc3cc(Cl)ccc23)ccc1F,CHEMBL453384,9800.0,CYP2C8,-10.11603
C[C@H]1OC(C)(C)C(=O)N([C@H]1C)c1cc(ccc1C#N)-c1cc(c2c(N)ncnn12)C(F)(F)F,CHEMBL4091875,20000.0,CYP2C8,-9.99703
CC(C)(C)c1cc(NC(=O)[C@@H]2CCC(=O)N2c2ccc(cc2)C(F)(F)F)on1,CHEMBL3353881,23000.0,CYP2C8,-9.08189
Cc1ccc(C)c(OCCCC(C)(C)C(=O)O[C@@H]2O[C@@H]([C@@H](O)[C@H](O)[C@H]2O)C(O)=O)c1,CHEMBL2181817,24000.0,CYP2C8,-10.01782
Cc1ccc(C)c(OCCCC(C)(C)C(=O)O[C@@H]2O[C@@H]([C@@H](O)[C@H](O)[C@H]2O)C(O)=O)c1,CHEMBL2181817,1800.0,CYP2C8,-10.01782
Cc1nc(Oc2ccc(cc2)C(O)=O)ccc1CN1CCC(CC1)N1[C@@H](CN(C2CCOCC2)C1=O)c1ccccc1,CHEMBL2435852,40000.0,CYP2C8,-12.90759
Cc1ncc(OC[C@]2(C[C@H]2C(=O)Nc2ccc(F)cn2)c2cccc(F)c2)c(C)n1,CHEMBL3545367,20000.0,CYP2C8,-9.52734
Cl.Cl.COc1ccncc1-c1ccc(CN)o1,CHEMBL4162449,16000.0,CYP2C8,-7.24565
OC(c1nc(c[nH]1)-n1ccc(NC(=O)c2cscn2)cc1=O)c1cccc(c1)C(F)(F)F,CHEMBL3809890,4300.0,CYP2C8,-10.45358
CS[C@]1(CCN(CC(=O)N2CCC(=CC2)c2ccc(cc2)-c2ncn(C)n2)C1)C(=O)Nc1ccc2[nH]nc(-c3ccc(OC(C)C)nc3)c2c1,CHEMBL4213970,5000.0,CYP2C8,-12.44738
CC(C)C[C@H](NC(=O)[C@H](CCc1ccccc1)NC(=O)CN1CCOCC1)C(=O)N[C@@H](Cc1ccccc1)C(=O)N[C@@H](CC(C)C)C(=O)[C@@]1(C)CO1,CHEMBL451887,10000.0,CYP2C8,-10.38366
Cc1ccc(cc1)-n1nc(cc1NC(=O)Nc1ccc(cc1)-c1nncn1C)C(C)(C)C,CHEMBL2425155,10000.0,CYP2C8,-10.72754
COc1ccc2[nH]c(SCc3ccccn3)nc2c1,CHEMBL2019022,50000.0,CYP2C8,-7.99135
Cc1ccc2c(C(O)=O)c(O)c(nc2c1C)-c1ccc(Cl)cc1,CHEMBL267210,9000.0,CYP2C8,-10.01719
Cl.Cn1c2cc(ccc2c2nc(N3CCC[C@@H](N)C3)n(Cc3cc(F)ccc3Cl)c2c1=O)C(O)=O,CHEMBL2147070,50000.0,CYP2C8,-10.96315
C[C@H](NS(=O)(=O)c1ccc(-c2sc(nc2C(=O)N2CC(F)(F)C[C@@H]2C)C(=O)NCC(C)(C)O)c(Cl)c1Cl)C(F)(F)F,CHEMBL4644553,10000.0,CYP2C8,-10.51877
CB1Nc2cccc(OCC(O)CN(C)C)c2C=C1,CHEMBL3736156,10000.0,CYP2C8,-7.57616
COc1ccc(F)c(c1)-c1ccc(Cc2ccc(cc2)N2C[C@@H](C[C@@H]2CC(O)=O)C(F)(F)F)c(C)c1,CHEMBL4083365,3800.0,CYP2C8,-11.42092
OC(=O)c1ccccc1NC(=O)CCc1noc-2c1Cc1cc(O)ccc-21,CHEMBL482980,20000.0,CYP2C8,-10.39234
OC(=O)COc1c(Br)c(sc1C(O)=O)-c1cccc(NC2CCN(CC2)S(=O)(=O)Cc2ccccc2)c1,CHEMBL541214,500000.0,CYP2C8,-9.92851
CCCCCOc1ccc(C(=O)c2cccc3ccccc23)c2ccccc12,CHEMBL244403,200000.0,CYP2C8,-10.19619
COc1cc(c(OC)cc1CN(C)C)-c1cn(C)c(=O)c2cnccc12,CHEMBL3823101,50000.0,CYP2C8,-7.83768
CCc1cc(CC[C@@]2(CC(O)=C(Cc3nc4nc(C)cc(C)n4n3)C(=O)O2)C2CCCC2)cc(CC)n1,CHEMBL490672,30000.0,CYP2C8,-11.1599
Clc1ccc(cc1)C1(CC1)c1nnc2c(cccn12)C1CC1,CHEMBL3318978,20000.0,CYP2C8,-8.84228
OC(=O)c1ccccc1NC(=O)CCc1cnc(s1)-c1ccc(O)cn1,CHEMBL237037,20300.0,CYP2C8,-9.40722
OC(=O)C1=C(CCCC1)NC(=O)CCc1cn2c(n1)sc1cc(O)ccc21,CHEMBL520513,,CYP2C8,-9.5315
Cc1ccc(C)c(OCCCC(C)(C)C(=O)O[C@@H]2O[C@@H]([C@@H](O)[C@H](O)[C@H]2O)C(O)=O)c1,CHEMBL2181817,28000.0,CYP2C8,-10.01782
Cc1ccc(C)c(OCCCC(C)(C)C(O)=O)c1,CHEMBL457,4100.0,CYP2C8,-8.39735
CC(=O)Nc1cccc(c1)-c1ccc2nc(-c3cccnc3N)n(-c3ccc(CNC(=O)c4cccc(F)c4)cc3)c2n1,CHEMBL2177836,1000.0,CYP2C8,-12.11049
CS(=O)(=O)c1cc(ccc1[C@H]1NC(=O)N(C2=C1C(=O)CC2)c1cccc(c1)C(F)(F)F)C#N,CHEMBL4112385,50000.0,CYP2C8,-9.6765
C[C@H]1CN(C[C@@H](C)O1)c1cc2N(C)C(=O)C3(CCN(CC3)c3nc4N(C)CCCc4c(=O)[nH]3)c2c(F)c1,CHEMBL4449082,10000.0,CYP2C8,-11.59763
COC(=O)C1=C(C)NC(C)=C(C1c1cccc2nonc12)C(=O)OC(C)C,CHEMBL1648,5000.0,CYP2C8,-7.93231
C(NCC1CCOCC1)C=CCN(C[C@H]1Cc2ccccc2CN1)[C@H]1CCCc2cccnc12,CHEMBL4070320,5000.0,CYP2C8,-10.18291
OC(=O)C1=C(CCCC1)NC(=O)CCc1noc-2c1CCc1cc(O)ccc-21,CHEMBL485196,44000.0,CYP2C8,-10.30961
OC(=O)c1c(O)c(nc2c(cccc12)-c1ccccc1)-c1ccc(Cl)cc1,CHEMBL218583,4800.0,CYP2C8,-11.32169
COc1ccc(Cl)cc1-c1cc(=O)[nH]c(=S)n1CC(N)=O,CHEMBL3633460,100000.0,CYP2C8,-6.88944
CC(C)(O)c1ccccc1CC[C@@H](SCC1(CC(O)=O)CC1)c1cccc(\\C=C\\c2ccc3ccc(Cl)cc3n2)c1,CHEMBL787,1000.0,CYP2C8,-11.98714
COc1ccc2c(noc2c1)-n1c2ccccc2n(Cc2cccc(c2)[C@@]2(C)OC(=O)NC2=O)c1=O,CHEMBL1947144,10000.0,CYP2C8,-11.23658
CC[C@@]1(CC[C@@H](CC1)C(O)=O)C(=O)N1CC[C@](C1)(c1ccc(cc1)C(F)(C(F)(F)F)C(F)(F)F)S(=O)(=O)c1ccc(F)cc1,CHEMBL3965066,10000.0,CYP2C8,-11.3333
CC(Cc1cnn(c1C)-c1ccc(O)cc1)C(=O)Nc1ccccc1C(O)=O,CHEMBL1086104,34000.0,CYP2C8,-9.63259
OC(=O)c1ccccc1NC(=O)CCc1ccc(cc1)-c1ccc(O)cc1Cl,CHEMBL235256,400.0,CYP2C8,-10.4531
CCS(=O)(=O)N[C@@H]1C[C@]2(C)O[C@]1(C)[C@H]1[C@@H]2C(=O)N(C1=O)c1ccc(C#N)c(c1)C(F)(F)F,CHEMBL3623127,40000.0,CYP2C8,
OC(=O)c1ccccc1NC(=O)CCc1ccc(cc1)-c1ccc(O)cc1Cl,CHEMBL235256,400.0,CYP2C8,-10.4531
CC(C)COCC(CN(Cc1ccccc1)c1ccccc1)N1CCCC1,CHEMBL1008,30000.0,CYP2C8,-8.23178
C[C@@H]1COCCN1c1cc(-c2ccnn2C)c2ccnc(-c3ccn[nH]3)c2n1,CHEMBL4647810,9800.0,CYP2C8,-8.85946
OC(=O)c1ccccc1NC(=O)CCc1ccc(cc1)-c1ccc(O)cn1,CHEMBL235952,8900.0,CYP2C8,-9.90071
Cc1c(CCC(=O)Nc2ccccc2C(O)=O)cnn1-c1ccc(O)cc1,CHEMBL236163,19000.0,CYP2C8,-9.68763
CNc1nc(C)nc(n1)N1CCC(CC1)C(=O)NCc1ccc(Br)cc1OC(F)(F)F,CHEMBL2392692,30000.0,CYP2C8,-9.40755
CCn1cc(cn1)[C@]1(N[C@H](Cc2c1[nH]c1ccccc21)c1nc(c[nH]1)-c1ccc(F)cn1)c1nn(C)c(=O)o1,CHEMBL3582336,10000.0,CYP2C8,-11.08104
OC(=O)C12CCC(CC1)(CC2)C(=O)N1CC[C@](C1)(c1ccc(cc1)C(F)(C(F)(F)F)C(F)(F)F)S(=O)(=O)c1ccc(F)cc1,CHEMBL3964587,10000.0,CYP2C8,-11.47649
OC(=O)[C@H]1CC[C@@H](CC1)C(=O)N1CC[C@](C1)(c1ccc(cc1)C(F)(C(F)(F)F)C(F)(F)F)S(=O)(=O)c1ccc(F)cc1,CHEMBL3934548,680.0,CYP2C8,-11.93669
C[C@@]1(N=C(N)CO[C@H]1C(F)(F)F)c1cc(NC(=O)c2ccc(cn2)C#N)ccc1F,CHEMBL4165225,30000.0,CYP2C8,-9.13956
CN[C@@H](C)C(=O)Nc1ccc(-c2c(nc3cc(C)ccn23)-c2cnn(C)c2)c(n1)C#Cc1ccc2c(C)nccc2c1,CHEMBL3981054,14000.0,CYP2C8,-11.07914
CN[C@@H](C)C(=O)Nc1ccc(-c2c(nc3ccccn23)-c2cccnc2OC)c(n1)C#Cc1ccc2c(C)nccc2c1,CHEMBL3956933,3400.0,CYP2C8,-11.81413
Cc1c(cccc1-n1c(=O)n(C)c2c(F)cccc2c1=O)-c1c(F)cc(C(N)=O)c2[nH]c3C[C@H](CCc3c12)C(C)(C)O,CHEMBL3900554,2600.0,CYP2C8,-13.07195
COc1cc(OC)nc(n1)-c1ccc(NC(=O)Nc2cc(nn2-c2ccc(C)cc2)C(C)(C)C)cc1,CHEMBL2425159,10000.0,CYP2C8,-11.34651
OCCCN(c1ccnn1-c1ccccc1)S(=O)(=O)c1ccc(cc1)-c1cccc(c1)[N+]([O-])=O,CHEMBL121522,250000.0,CYP2C8,-10.13701
Cc1ccc(CN2CC[C@@H](N3CC[C@H]([C@H](F)C3)c3ccc(O)cc3)C2=O)cc1,CHEMBL3892956,18000.0,CYP2C8,-10.34079
C[C@H]1N(CCc2c1ncn2-c1ccc(F)cc1)C(=O)c1cccc(c1Cl)C(F)(F)F,CHEMBL3904907,10000.0,CYP2C8,-10.25294
OC(=O)CCNC(=O)c1ccc(Cn2nc(cc2-c2ccc(OC(F)(F)F)cc2)-c2cc(Cl)cc(Cl)c2)cc1,CHEMBL1644183,19000.0,CYP2C8,-10.68442
Fc1ccc(nc1)-c1cc2CN(CCn2n1)C(=O)c1cc(F)cc(Cl)c1,CHEMBL4098822,40000.0,CYP2C8,-10.28231
OC(=O)c1ccccc1NC(=O)CCc1cn2c(n1)sc1ccccc21,CHEMBL520620,,CYP2C8,-9.47167
OC(=O)c1ccccc1NC(=O)CCc1noc2c1ccc1cc(O)ccc21,CHEMBL520299,,CYP2C8,-10.55379
COc1ccc(cc1C(O)=O)-c1ccc(Oc2cccc3CCCCc23)c(NC(=O)Nc2ccccc2C)c1,CHEMBL4082553,3000.0,CYP2C8,-12.06735
Cn1cc(cn1)-c1ccc(cc1)-c1ccc(cc1)C1=NC2(CC2)C(=O)N1C[C@@H]1CCN(C1)C(=O)C1CC1,CHEMBL4125752,10000.0,CYP2C8,-11.21045
CC(C)N1CCN(CC1)C(=O)c1ccc(NC(=O)Nc2ccc(cc2)-c2nc(nc(n2)N2C3CCC2COC3)C2CCOCC2)cc1,CHEMBL1091356,30000.0,CYP2C8,-11.40303
CCNCc1ccc(Nc2ccnc3cc(Cl)ccc23)cc1O,CHEMBL146826,23000.0,CYP2C8,-8.81702
CC(C)(C)c1cc(NC(=O)[C@@H]2CCCN2c2ccc(cc2)C(F)(F)F)no1,CHEMBL3353862,2400.0,CYP2C8,-8.79899
COc1ccc(cc1C(O)=O)-c1ccc(Oc2cccc3CCCCc23)c(NC(=O)Nc2cccc(C)c2)c1,CHEMBL4060679,3000.0,CYP2C8,-11.94716
COc1cc(\\C=C\\C(=O)c2ccncc2)cc(OC)c1OC,CHEMBL4218749,8920.0,CYP2C8,-8.36518
OC(=O)c1ccc(CNc2ccc(cn2)-c2ccc(cn2)-c2nc3cc(Cl)ccc3[nH]2)cc1,CHEMBL4577468,2.5,CYP2C8,-11.13781
CC(Cc1cnn(c1C)-c1ccc(O)cc1)C(=O)NC1=C(CCCC1)C(O)=O,CHEMBL1085402,100000.0,CYP2C8,-9.52904
COc1ccc2[nH]c(SCc3ccc(I)cc3)nc2c1,CHEMBL2018921,3870.0,CYP2C8,-8.26994
Cl.Cl.NCc1ccc(o1)-c1cnccc1-c1ccco1,CHEMBL4161400,5400.0,CYP2C8,-7.76247
OC(=O)c1ccc(Sc2ccc(CN3CCC(CC3)N3[C@@H](CN(C4CCOCC4)C3=O)c3ccccc3)cn2)cc1,CHEMBL2434978,60000.0,CYP2C8,-11.30199
COc1ccc2[nH]c(SCc3ccc(Br)cc3)nc2c1,CHEMBL2018920,1870.0,CYP2C8,-8.45786
Cl.Cl.Cc1cncc(c1)C#CCN,CHEMBL4172676,,CYP2C8,-6.37973
NCCc1cn(c2ccccc12)S(=O)(=O)c1c(Cl)nc2sccn12,CHEMBL392760,500000.0,CYP2C8,-8.61628
Cl.Cl.Cl.Cl.NCC#Cc1cnccc1-c1cncnc1,CHEMBL4161777,50000.0,CYP2C8,-7.27968
Cl.Cl.NCc1ccc(s1)-c1cnccc1-c1ccco1,CHEMBL4168669,3800.0,CYP2C8,-7.62481
COc1ccc(cc1C(O)=O)-c1ccc(Oc2cccc3CCCCc23)c(NC(=O)Nc2ccccc2Cl)c1,CHEMBL4060089,3000.0,CYP2C8,-12.38732
CC#C[C@]1(O)CC[C@H]2[C@@H]3CCC4=CC(=O)CCC4=C3[C@H](C[C@]12C)c1ccc(cc1)N(C)C,CHEMBL1276308,1500.0,CYP2C8,-9.9534
O=c1cc(o[nH]1)[C@H]1CCN[C@@H](CCc2ccccc2)C1,CHEMBL3287854,20000000.0,CYP2C8,-9.04722
COc1ccc(F)c(c1)-c1ccc(Cc2ccc(cc2)N2C[C@@H](C[C@@H]2CC(O)=O)C(F)(F)F)c(C)c1,CHEMBL4083365,2100.0,CYP2C8,-11.42092
C[C@H]1Cc2c(CN1C(=O)c1ccnc(c1F)C(F)(F)F)nnn2-c1ncc(F)cn1,CHEMBL3914857,10000.0,CYP2C8,-9.72814
C[C@H]1Cc2c(CN1C(=O)c1cn[nH]c1C(F)(F)F)nnn2-c1ncc(F)cn1,CHEMBL4084212,,CYP2C8,-9.11813
Cc1cc(NC2CCc3cc(Cl)ccc3C2)n2nc(nc2n1)C(C)(F)F,CHEMBL4761666,20000.0,CYP2C8,-9.78013
Cc1ccc(cc1)-n1nc(cc1NC(=O)Nc1ccc(cc1)-c1ccc(OCc2ccccc2)nc1)C(C)(C)C,CHEMBL2425161,10000.0,CYP2C8,-11.65242
Cn1cc(nc1C1CCN(CC1)c1ncnc(N)c1-c1ccc(F)cc1)-c1ccc(F)c(c1)C(F)(F)F,CHEMBL3925871,20000.0,CYP2C8,-11.67448
Cc1ncn(n1)-c1cc(Cl)c(C(=O)NC[C@H](c2nc3c(C)cc(Cl)cc3[nH]2)c2cccc(F)c2)c(Cl)c1,CHEMBL3627896,4043.0,CYP2C8,-12.70293
COc1cc2nc([nH]c2cc1Cl)[C@@H](CNC(=O)c1c(Cl)cc(cc1Cl)-n1cnc(C)n1)c1cccc(F)c1,CHEMBL3627894,456.0,CYP2C8,-11.33854
COc1cc(cnc1OC)N1C(=O)N(Cc2c(F)cc(F)cc2F)c2ncccc2S1(=O)=O,CHEMBL3740099,10000.0,CYP2C8,-9.92873
CC(C)NCC(O)COc1cccc2ccccc12,CHEMBL27,10000.0,CYP2C8,-8.15541
Fc1ccc(cc1)S(=O)(=O)[C@@]12CCN([C@@H]1CCc1nc(ccc21)C(F)(C(F)(F)F)C(F)(F)F)C(=O)C1CCS(=O)(=O)CC1,CHEMBL4750603,16000.0,CYP2C8,-10.83174
Cl.Cl.CCc1ccncc1C#CCN,CHEMBL4175429,25000.0,CYP2C8,-6.66027
Cl.Cl.Cc1ncccc1C#CCN,CHEMBL4162411,,CYP2C8,-6.60269
CCCCC(=O)N(Cc1ccc(OC)cc1)c1cccc(c1)-c1nnn[nH]1,CHEMBL2036017,320.0,CYP2C8,-8.7092
CC1CC(C)CC(C1)C(=O)Nc1nc2ccc(cc2s1)C(F)(F)F,CHEMBL4292052,20000.0,CYP2C8,-9.84998
NC(=O)c1ccc(Cc2ccccc2)cc1-c1cccc(CCC(O)=O)c1,CHEMBL4457557,20000.0,CYP2C8,-10.26951
CCC(=O)N(Cc1ccc(OC(F)(F)F)cc1)c1cc(F)cc(c1)-c1nnn[nH]1,CHEMBL2036213,43.0,CYP2C8,-9.36664
Cl.Cl.Cc1ccncc1-c1ccc(CN)o1,CHEMBL4172417,79000.0,CYP2C8,-7.64271
Cl.Cl.NCc1ccc(o1)-c1cnccc1-c1ccoc1,CHEMBL4169324,25000.0,CYP2C8,-7.46347
Cl.Cl.NCc1ccc(s1)-c1cnccc1-c1ccoc1,CHEMBL4160749,4800.0,CYP2C8,-7.05541
Fc1ccc(cc1)S(=O)(=O)[C@@]12CC[C@@H](NC(=O)C3CCS(=O)(=O)CC3)[C@@H]1CCc1cc(ccc21)C(F)(C(F)(F)F)C(F)(F)F,CHEMBL4796103,6500.0,CYP2C8,-12.14159
Fc1ccc(nc1)-c1cc(ncn1)-c1cc(Cl)cc(c1)C#N,CHEMBL3603923,15848.93,CYP2C8,-9.6298
C=CCc1ccc(cc1)S(=O)(=O)N(Cc1ccccc1)c1ccnn1-c1ccccc1,CHEMBL332690,30000.0,CYP2C8,-9.94562
CN(C)C(=O)Cn1ccc2ncc(cc12)-c1cccc(c1)C(F)(F)F,CHEMBL4571666,10000.0,CYP2C8,-10.32424
Fc1ccc(nc1)-c1nc2CN(CCc2o1)C(=O)c1cccc(F)c1,CHEMBL4102181,50000.0,CYP2C8,-9.45714
Fc1ccc(nc1)-c1nc2CN(CCc2o1)C(=O)c1cc(F)cc(Cl)c1,CHEMBL4087545,50000.0,CYP2C8,-9.56123
Fc1ccc(nc1)-c1cc2CN(CCn2n1)C(=O)c1cc(F)cc(Cl)c1,CHEMBL4098822,40000.0,CYP2C8,-10.28231
CN[C@@H](C)C(=O)N[C@H](C(=O)N1C[C@@H]2C[C@H]1C(=O)N[C@@H](Cc1ccc3ccccc3c1)C(=O)N[C@@H](Cc1ccc(OCc3cn(nn3)[C@H]3C[C@H](N(C3)C(=O)[C@@H](NC(=O)[C@H](C)NC)C(C)(C)C)C(=O)N[C@@H](Cc3ccc4ccccc4c3)C(=O)N[C@@H](Cc3ccc(OCCCC2)cc3)C(O)=O)cc1)NS(=O)(=O)C1CC1)C(C)(C)C,CHEMBL3609325,20000.0,CYP2C8,
COc1ccc2nc(SCc3ccc4ccccc4c3)[nH]c2c1,CHEMBL502335,510.0,CYP2C8,-9.80498
OC(=O)C(\\O)=C\\C(=O)c1cc(Cc2ccc(F)cc2F)cn(Cc2ccccc2F)c1=O,CHEMBL2043144,65000.0,CYP2C8,-10.82453
COc1cnc(cn1)C(=O)Nc1cc(F)c(F)c(c1)[C@]1(C)C[C@H](SC(N)=N1)c1c(C)noc1C,CHEMBL3805852,5000.0,CYP2C8,-10.62796
COc1ccc(OC[C@]2(C[C@H]2C(=O)Nc2ccc(cn2)C#N)c2ccccc2)cc1OC,CHEMBL3343259,8000.0,CYP2C8,-9.55008
Cl.Cl.COc1ccncc1C#CCN,CHEMBL4167560,50000.0,CYP2C8,-6.09776
OC(=O)C1=C(CCC1)NC(=O)CCc1cn2c(n1)sc1cc(O)ccc21,CHEMBL485327,,CYP2C8,-9.40796
OC(=O)c1ccccc1NC(=O)CCc1cnn-2c1CCc1cc(O)ccc-21,CHEMBL482768,11000.0,CYP2C8,-10.14318
C[C@H](NS(=O)(=O)c1ccc(-c2sc(nc2C(=O)N2CCCC[C@@H]2C)C(=O)NCC(C)(C)O)c(Cl)c1Cl)C(F)(F)F,CHEMBL4634571,10000.0,CYP2C8,-10.7357
Cl.Cl.Cl.Cl.NCc1ccc(s1)-c1cnccc1-c1cncnc1,CHEMBL4165094,25000.0,CYP2C8,-7.2318
FC(F)(F)c1ccc(cc1)[C@@H]1C[C@H]1C(=O)N1CCN(CC1)S(=O)(=O)c1cc(cc(c1)C(F)(F)F)-c1nnc[nH]1,CHEMBL529213,15000.0,CYP2C8,-12.06602
O=C(NC1CCCCC1)c1nc(CS(=O)(=O)c2ccccc2)no1,CHEMBL2069805,20000.0,CYP2C8,-8.58173
C[C@H]1SC(N)=N[C@]2(CO[C@H](C[C@@H]12)c1cc(C)no1)c1ccc(F)cc1F,CHEMBL3422242,30000.0,CYP2C8,-9.10331
NC1=N[C@]2(CO[C@H](C[C@H]2CS1)c1ncco1)c1ccc(F)cc1F,CHEMBL3422235,30000.0,CYP2C8,-9.43012
Cn1cc(cn1)[C@H]1C[C@H]2[C@@H](CF)SC(N)=N[C@]2(CO1)c1ccc(F)cc1F,CHEMBL3422246,30000.0,CYP2C8,-8.48018
CNC(=O)c1nc(cnc1N)-c1ccc(Cl)c(c1)S(=O)(=O)Nc1cccc(F)c1F,CHEMBL2152252,2331.0,CYP2C8,-10.25226
NC1=N[C@@](CF)(CCC1(F)F)c1cc(NC(=O)c2cnc(OCF)cn2)ccc1F,CHEMBL4643511,10000.0,CYP2C8,-9.41347
CC(C)N(CCO)Cc1csc(n1)-c1cn(CC2CCOCC2)c2c(Cl)cccc12,CHEMBL1762808,3300.0,CYP2C8,-8.72956
[O-][N+](=O)c1ncn(CC(=O)N2CCN(Cc3ccc(cc3)C(F)(F)F)CC2)n1,CHEMBL3633320,20000.0,CYP2C8,-9.22943
CCCCNc1nc(N)nc2cccc(OCc3nccc(OC)c3OC)c12,CHEMBL4205861,10000.0,CYP2C8,-8.94727
CS(=O)(=O)n1cc2CN(Cc2n1)[C@@H]1C[C@H](N)[C@H](O[C@@H]1C(F)(F)F)c1cc(F)ccc1F,CHEMBL4646510,76300.0,CYP2C8,-10.00246
CCCCNc1nc(N)nc2cccc(OCc3cccnc3)c12,CHEMBL4206363,10000.0,CYP2C8,-9.36961
CC(=O)N1CCN(C(=O)C1(C)C)c1cccc(c1)-c1cc(-c2ccnn2CC(F)(F)F)c2c(N)ncnn12,CHEMBL4059848,20000.0,CYP2C8,-11.81556
C[C@H]1N(CCc2c1nnn2-c1ncccn1)C(=O)c1cccc(c1Cl)C(F)(F)F,CHEMBL4068397,10000.0,CYP2C8,-9.2851
C(Nc1nc(nc2cccc(-c3ccccc3)c12)-c1cccnc1)c1ccccn1,CHEMBL4099807,10000.0,CYP2C8,-9.9482
Cl.Cl.NCC#Cc1cnccc1-c1ccccc1,CHEMBL4164113,14000.0,CYP2C8,-8.25335
Cl.Cl.COc1ccncc1-c1ccc(CN)s1,CHEMBL4172462,25000.0,CYP2C8,-7.14318
Cl.Cl.NCC#Cc1cnccc1-c1ccoc1,CHEMBL4174365,21000.0,CYP2C8,-7.38862
Cl.Cl.CCCc1ccncc1-c1ccc(CN)s1,CHEMBL4165249,2200.0,CYP2C8,-7.63864
NC(=O)c1c(N)ncnc1N1CCC(CC1)c1nc(cn1CCN1CCC1)-c1ccc(F)c(c1)C(F)(F)F,CHEMBL3949501,20000.0,CYP2C8,-11.242
NC[C@H]1CC[C@H](CN(C[C@H]2Cc3ccccc3CN2)[C@H]2CCCc3cccnc23)CC1,CHEMBL4167221,4100.0,CYP2C8,-10.67945
Cl.CCOC(=O)[C@@H](Cc1cn(C)c2ccccc12)NC(=O)[C@@H](N)CC(C)C,CHEMBL4876008,50000.0,CYP2C8,-8.39594
Cc1cccc(CC(=O)N2CCc3c2ccc(-c2cn(C)c4ncnc(N)c24)c3F)n1,CHEMBL2441340,25000.0,CYP2C8,-11.07376
COc1ccc(COc2cnn(CC(=O)c3ccc(CN(C)C)cc3C)c(=O)c2)nc1,CHEMBL3601377,50000.0,CYP2C8,-8.75652
CCCCCOc1ccc(cc1)-c1ccc(cc1)-c1ccc(cc1)C(=O)N[C@H]1C[C@@H](O)[C@@H](O)NC(=O)[C@@H]2[C@@H](O)[C@@H](C)CN2C(=O)[C@@H](NC(=O)[C@@H](NC(=O)[C@@H]2C[C@@H](O)CN2C(=O)[C@@H](NC1=O)[C@@H](C)O)[C@H](O)[C@@H](O)c1ccc(O)cc1)[C@@H](C)O,CHEMBL264241,12000.0,CYP2C8,3.73183
CCCCCOc1ccc(cc1)-c1ccc(cc1)-c1ccc(cc1)C(=O)N[C@H]1C[C@@H](O)[C@@H](O)NC(=O)[C@@H]2[C@@H](O)[C@@H](C)CN2C(=O)[C@@H](NC(=O)[C@@H](NC(=O)[C@@H]2C[C@@H](O)CN2C(=O)[C@@H](NC1=O)[C@@H](C)O)[C@H](O)[C@@H](O)c1ccc(O)cc1)[C@@H](C)O,CHEMBL264241,17500.0,CYP2C8,3.73183
Cc1c(NC(=O)c2ccc(cc2)C(C)(C)C)cccc1-c1nc(Nc2ccc(cc2)C(=O)N2CCOCC2)c2nc[nH]c2n1,CHEMBL3263640,1400.0,CYP2C8,-12.46247
CCCCSc1nc2cc(OC)ccc2[nH]1,CHEMBL2018903,33700.0,CYP2C8,-6.94558
FC(F)(F)c1cncc(NS(=O)(=O)c2ccccc2C(F)(F)F)c1,CHEMBL3929544,30000.0,CYP2C8,-9.7599
Cc1nnc(Cn2ccc3ncc(cc23)-c2ccc(F)c(C)c2)o1,CHEMBL4590530,10000.0,CYP2C8,-9.9781
CN(C)C(=O)Cn1ccc2ncc(cc12)-c1cccc(n1)C(F)(F)F,CHEMBL4462073,10000.0,CYP2C8,-9.69745
OCCn1cnc(c1-c1ccc2ncc(C#N)n2n1)-c1ccc(F)c(Cl)c1,CHEMBL4514379,20000.0,CYP2C8,-8.6844
CCC[C@@H](CCO)Nc1nc(N)nc2CCN(Cc12)C(=O)c1csc(C)n1,CHEMBL4276988,10000.0,CYP2C8,-8.0911
COc1ccc(Cl)cc1-c1cc(=O)[nH]c(=S)n1CC(N)=O,CHEMBL3633460,100000.0,CYP2C8,-6.88944
CCCCC\\C=C\\C(=O)CCc1ccc(O)c(OC)c1,CHEMBL25948,2900.0,CYP2C8,-8.1429
CCCc1cc(ccc1OCCCOc1ccc2[C@H](CC(O)=O)CCc2c1)C1=NC2OCCCC2S1,CHEMBL221044,10000.0,CYP2C8,-9.55397
CCOc1ccc2[nH]c(SCc3ccccn3)nc2c1,CHEMBL2019023,50000.0,CYP2C8,-8.04007
CC(C)S(=O)(=O)NC[C@H]1CC[C@@H](CC1)NC(=O)CN1CCc2cc(Cl)ccc12,CHEMBL2013012,8200.0,CYP2C8,-8.7859
N[C@H](C(=O)N1[C@H]2C[C@H]2C[C@H]1C#N)C12CC3CC(O)(CC(O)(C3)C1)C2,CHEMBL3350936,200000.0,CYP2C8,-8.78004
CCOc1cc2ncc(C#N)c(Nc3ccc(OCc4cccc(F)c4)c(Cl)c3)c2cc1NC(=O)CC1CCSS1,CHEMBL4457447,50000.0,CYP2C8,-9.9353
C[C@H]([C@H]1CC[C@H](CC1)c1ccnc2ccc(F)cc12)C(=O)Nc1ccc(Cl)cc1,CHEMBL4161733,2000.0,CYP2C8,-10.80401
CCc1cc(F)c2nc(N3CCC(CC3)NC3CCOCC3)c(-c3nc(C)no3)c(C)c2c1,CHEMBL4592045,30000.0,CYP2C8,-10.43445
Cn1c2ccc(cc2c(=O)n(Cc2ccc(cc2)C(O)=O)c1=O)C#CCc1ccccc1,CHEMBL496942,2500.0,CYP2C8,-10.82728
OC(=O)C1=C(CCCC1)NC(=O)CCc1noc2c1ccc1c(Cl)c(O)ccc21,CHEMBL483336,,CYP2C8,-10.47201
O=C(N[C@H]1C[C@@H]1c1ccccc1)N1CCC(CC1)Oc1ccc(cc1)-c1nn[nH]n1,CHEMBL3114608,800.0,CYP2C8,-10.37625
CCCCC[C@H](O)CC(=O)CCc1ccc(O)c(OC)c1,CHEMBL402978,22100.0,CYP2C8,-7.61362
CCCC[S@@+]([O-])c1sc2nc(cc(-c3cnc(C)n3C)c2c1N)-c1nccs1,CHEMBL4070789,10000.0,CYP2C8,-8.01259
OC(=O)C1=C(CCCC1)NC(=O)CCc1cnn2c1ccc1cc(O)ccc21,CHEMBL483337,,CYP2C8,-10.62775
CC1CC(CC(C)(C)C1)C(=O)Nc1nc2ccc(OC(F)(F)F)cc2s1,CHEMBL4287884,20000.0,CYP2C8,-8.86434
Cc1c(Cc2ccc(=O)n(Cc3ccc(F)cc3F)n2)c2cc(F)ccc2n1CC(O)=O,CHEMBL2204469,16000.0,CYP2C8,-10.77016
O=C(NC1CCCCC1)c1nnc(CS(=O)(=O)c2ccccc2)o1,CHEMBL2069806,20000.0,CYP2C8,-8.64476
CC(C)[C@@](O)(c1c[nH]cn1)c1ccc2c3CN(C)C(=O)c3ccc2c1,CHEMBL1682904,28000.0,CYP2C8,-9.83489
Cc1cc2cc(ccc2o1)\\N=C(\\NC#N)N[C@H]1CCCCN(CC(=O)N2CCCC2)C1=O,CHEMBL551991,40000.0,CYP2C8,-9.46401
Nc1ncccc1-c1nc2cccnc2n1-c1ccc(CNC(=O)c2ccccc2)cc1,CHEMBL2177819,10000.0,CYP2C8,-10.96155
OC(=O)c1ccccc1NC(=O)CCc1[nH]nc2c1ccc1cc(O)ccc21,CHEMBL483352,5800.0,CYP2C8,-10.68937
Cn1c2cc(CCC(=O)Nc3ccccc3C(O)=O)ccc2c2ccc(O)cc2c1=O,CHEMBL485184,,CYP2C8,-11.46851
Cc1cc(n[nH]1)C(=O)N[C@@H]1CC(C)(C)Oc2nc(-c3ccc(Cl)cc3Cl)c(cc12)-c1ccc(Cl)cc1,CHEMBL1096182,11000.0,CYP2C8,-10.53544
CS(=O)(=O)n1cc2CN(Cc2n1)[C@@H]1C[C@H](N)[C@H](O[C@@H]1C(F)(F)F)c1cc(F)ccc1F,CHEMBL4646510,100000.0,CYP2C8,-10.00246
Cn1cc(cn1)-c1nc2c(cnn2cc1OCCC(C)(C)O)-c1ccnc(OC2CC2)c1,CHEMBL4751832,10000.0,CYP2C8,-9.12641
Cl.Fc1ccc(cc1)[C@@H]1CCNC[C@H]1COc1ccc2OCOc2c1,CHEMBL1708,30000.0,CYP2C8,-9.81756
COC(=O)c1ccc(CSc2nc3CCCc3c(=O)[nH]2)cc1,CHEMBL1515648,20000.0,CYP2C8,-8.75371
Cc1cc(COc2nc(N)nc3ccn(Cc4ccccn4)c23)no1,CHEMBL4103847,10000.0,CYP2C8,-9.5315
Cc1nc(Oc2ccc(cc2)C(N)=O)ccc1CN1CCC(CC1)N1[C@@H](CN(C2CCOCC2)C1=O)c1ccccc1,CHEMBL2435858,26000.0,CYP2C8,-12.36904
C[C@H](NS(=O)(=O)c1ccc(-c2sc(nc2C(=O)N2CCC(F)(F)CC2)C(=O)NCC(C)(C)O)c(Cl)c1Cl)C(F)(F)F,CHEMBL4646118,10000.0,CYP2C8,-11.05965
COc1cc2CCN(CCc3ccc(NC(=O)c4cc(OC)c(OC)cc4NC(=O)c4cnc5ccccc5c4)cc3)Cc2cc1OC,CHEMBL348475,45300.0,CYP2C8,-10.99716
CC[C@@H]1NC(=O)[C@H]([C@H](O)[C@H](C)C\\C=C\\C)N(C)C(=O)[C@H](C(C)C)N(C)C(=O)[C@H](CC(C)C)N(C)C(=O)[C@H](CC(C)C)N(C)C(=O)[C@@H](C)NC(=O)[C@H](C)NC(=O)[C@H](CC(C)C)N(C)C(=O)[C@@H](NC(=O)[C@H]([C@@H](C)CN2CCN(CCOC)CC2)N(C)C(=O)[C@@H](C)N(C)C1=O)C(C)C,CHEMBL3344501,40000.0,CYP2C8,34.2577
OC(=O)C1CN(Cc2ccc(cc2)-c2noc(n2)-c2onc(c2C(F)(F)F)-c2ccccc2)C1,CHEMBL3794064,40000.0,CYP2C8,-10.39306
Cc1cc2c(c(C(O)=O)n(Cc3cc4ccccc4nc3Cl)c2cc1F)-c1ccc[nH]c1=O,CHEMBL3092124,21000.0,CYP2C8,-11.42558
Cn1cc(-c2ccc3N(CCc3c2)C(=O)Cc2cccc(c2)C(F)(F)F)c2c(N)ncnc12,CHEMBL2171124,890.0,CYP2C8,-11.79392
CN(C)C(=O)Cn1ccc2ncc(cc12)-c1ccc(F)c(c1)C(F)F,CHEMBL4547576,10000.0,CYP2C8,-9.88764
Nc1ncccc1-c1nc2cc(cnc2n1-c1ccc(CNC(=O)c2ccccc2)cc1)-c1cccnc1,CHEMBL2177831,10000.0,CYP2C8,-11.87066
CCC(=C(c1ccccc1)c1ccc(OCCN(C)C)cc1)c1ccccc1,CHEMBL83,14300.0,CYP2C8,-8.18103
CC(c1cccc(c1)C(F)(F)F)n1cnc(c1)-n1ccc(NC(=O)c2cscn2)cc1=O,CHEMBL3808842,1700.0,CYP2C8,-10.52939
FC(F)(F)c1ccc(NS(=O)(=O)c2ccccc2C(F)(F)F)cn1,CHEMBL3924161,30000.0,CYP2C8,-9.18904
Cc1cncn1-c1ccc(NC(=O)Nc2cc(nn2-c2ccc(C)cc2)C(C)(C)C)cc1,CHEMBL2425150,10000.0,CYP2C8,-10.44034
O=C(NCc1ccncc1)c1nnc(CS(=O)(=O)c2ccccc2)o1,CHEMBL2069802,20000.0,CYP2C8,-8.605
CC[C@H](NS(=O)(=O)c1ccc(-c2sc(nc2C(=O)N(CC)CC)C(=O)NCC(C)(C)O)c(Cl)c1Cl)C(F)(F)F,CHEMBL4639653,10000.0,CYP2C8,-9.5802
C[C@H](NS(=O)(=O)c1ccc(-c2sc(NC(=O)CC(C)(C)O)nc2C(=O)N2CCC(F)CC2)c(Cl)c1Cl)C(F)(F)F,CHEMBL4648138,10000.0,CYP2C8,-10.34161
Cc1cc(Cl)cc(OCCn2cc(F)cn2)c1-c1nc(N)nc2CN(Cc12)C(=O)NCC(C)(F)F,CHEMBL1774933,30000.0,CYP2C8,-10.29387
C1CCC(CC1)c1nnc(o1)-c1ccncc1,CHEMBL2069804,20000.0,CYP2C8,-8.06608
OC(=O)Cc1ccc(OC2CCN(CC2)C(=O)N[C@H]2C[C@@H]2c2ccccc2)c(Cl)c1,CHEMBL3114610,50000.0,CYP2C8,-10.19682
Cc1ccc(cc1)-n1nc(cc1NC(=O)Nc1ccc(cc1)-c1cccnc1)C(C)(C)C,CHEMBL2425156,10000.0,CYP2C8,-11.0319
Cc1cccc(n1)-c1cc(Nc2ccncc2)c2cc[nH]c2n1,CHEMBL4572312,3981.07,CYP2C8,-9.13721
Cc1ccc(cc1)-n1nc(cc1NC(=O)Nc1ccc(cc1)-n1cnnc1)C(C)(C)C,CHEMBL2425147,10000.0,CYP2C8,-10.15583
Cc1ccc(cc1)-n1nc(cc1NC(=O)Nc1ccc(cc1)-n1cnnn1)C(C)(C)C,CHEMBL2425154,10000.0,CYP2C8,-11.18693
Cl.Cl.Cc1ccc(cn1)C#CCN,CHEMBL4164781,50000.0,CYP2C8,-6.85976
CNC(=O)C(=O)NCCCCC=CCCCCCCCCCC(O)=O,CHEMBL1802692,50000.0,CYP2C8,-6.95936
C[C@H]1Cc2c(CN1C(=O)c1ccnc(c1F)C(F)(F)F)nnn2-c1ncc(O)cn1,CHEMBL4090696,,CYP2C8,-9.9759
Cc1ccc(C)c(OCCCC(C)(C)C(O)=O)c1,CHEMBL457,95000.0,CYP2C8,-8.39735
Fc1ccc(Oc2ccc(NC(=O)N3CCc4ncccc4[C@@H]3c3ccc(Cl)cc3)cc2)cc1,CHEMBL4537998,700.0,CYP2C8,-11.51586
O=c1cc(o[nH]1)[C@H]1CCN[C@@H](Cc2ccccc2)C1,CHEMBL3287849,20000000.0,CYP2C8,-9.03593
CC(C)(C)n1nnnc1C(N1CCCC1)c1cccc(Nc2ccnc3cc(Cl)ccc23)c1,CHEMBL2413882,120.0,CYP2C8,-10.08367
Cc1cc(on1)[C@H]1C[C@H]2CSC(N)=N[C@]2(CO1)c1ccc(F)cc1F,CHEMBL3422237,30000.0,CYP2C8,-8.5587
C[C@H]1SC(N)=N[C@]2(CO[C@H](C[C@@H]12)c1cnn(C)c1)c1ccc(F)cc1F,CHEMBL3422243,30000.0,CYP2C8,-9.03586
CCCCCCCCCCCC(=O)OCC(CCP(O)(=O)OCCNC(=O)c1ccc(Cn2c3nc(OCCOC)nc(N)c3[nH]c2=O)cc1)OC(=O)CCCCCCCCCCC,CHEMBL4107005,100000.0,CYP2C8,-8.78189
NS(=O)(=O)c1cc(NC(=O)Cc2ccccc2)ccc1Oc1cccc(Cl)c1,CHEMBL4521594,1800.0,CYP2C8,-9.2205
C[C@H]1CO[C@@H]2Cn3cc(C(=O)NCc4ccc5nonc5c4)c(=O)c(O)c3C(=O)N12,CHEMBL4784137,10000.0,CYP2C8,-10.19893
FC(F)(F)c1cccc(c1)-c1ccc(Oc2ccc(cc2C#N)S(=O)(=O)Nc2ncns2)c(c1)-c1ccnc(CNCCC2CCNCC2)c1,CHEMBL4217988,6170.0,CYP2C8,-12.4075
CCCCNc1nc(N)nc2cccc(C(=O)N[C@H](C)c3ccccc3)c12,CHEMBL4202404,10000.0,CYP2C8,-9.37766
CC(C)CCNC1=CC(=O)c2ccccc2C1=O,CHEMBL4642567,54100.0,CYP2C8,-8.64325
CS(=O)(=O)n1cc2CN(Cc2n1)[C@@H]1C[C@H](N)[C@H](O[C@@H]1C(F)(F)F)c1cc(F)ccc1F,CHEMBL4646510,100000.0,CYP2C8,-10.00246
Fc1ccc(Oc2ncc(NC(=O)N3CCc4ncccc4[C@@H]3c3ccc(F)cc3)cn2)cc1,CHEMBL4458424,3100.0,CYP2C8,-11.48147
CCCCCSc1nc2cc(OC)ccc2[nH]1,CHEMBL2018904,9640.0,CYP2C8,-7.06617
Cl.Cc1[nH]c(C=C2C(=O)Nc3ccc(F)cc23)c(C)c1NC(=O)[C@H]1CCCN1,CHEMBL4093614,33000.0,CYP2C8,-9.18249
Cc1cc(ccc1F)-c1cnc2ccn(CC(=O)N3CCC3)c2c1,CHEMBL4443868,10000.0,CYP2C8,-9.57065
CC1=C([C@@H](Oc2ccc(O)cc12)c1ccc(OCCN2CC(CF)C2)cc1)c1cccc(O)c1,CHEMBL4447340,3000.0,CYP2C8,-9.76501
OCCNC(=O)N1[C@@H](C2=C(CCC2=O)N(C1=O)c1cccc(c1)C(F)(F)F)c1ccc(cc1)C#N,CHEMBL4111285,50000.0,CYP2C8,-10.12797
CN[C@@H](C)C(=O)Nc1ccc(-c2c(nc3cc(C)ccn23)-c2cccnc2C)c(n1)C#Cc1ccc2c(C)nccc2c1,CHEMBL3973040,1300.0,CYP2C8,-11.62532
CN[C@@H](C)C(=O)Nc1ccc(-c2c(nc3cc(C)ccn23)-c2cccnc2OC)c(n1)C#Cc1ccc2n(C)c(=O)ccc2c1,CHEMBL3930510,9300.0,CYP2C8,-11.52458
Clc1ccc(s1)C(=O)NC[C@@H]1OC(=O)N2[C@H]1COc1cc(ccc21)N1CCOCC1=O,CHEMBL3330442,99730.0,CYP2C8,-10.37065
OC1(CCS(=O)(=O)CC1)C(=O)N1CC[C@@]2([C@H]1CCc1cc(ccc21)C(F)(C(F)(F)F)C(F)(F)F)S(=O)(=O)c1ccc(F)cc1,CHEMBL4463581,15000.0,CYP2C8,-11.4455
FC(F)(F)c1cccc(c1)N1C2=C([C@H](NC1=O)c1ccc(cc1)C#N)C(=O)CC2,CHEMBL3617971,50000.0,CYP2C8,-11.0927
Cc1cc([nH]n1)-c1ccc(cc1)C(=O)[C@@H]1CCCC[C@H]1C(=O)Nc1cnn(C)c1C(=O)NOC(C)(C)C,CHEMBL4563459,20000.0,CYP2C8,-11.31238
OC(=O)C1CN(Cc2ccc3-c4noc(c4CCc3c2)-c2onc(c2C(F)(F)F)-c2ccccc2)C1,CHEMBL3959509,14000.0,CYP2C8,-11.20871
Cc1cn(cn1)-c1ccc2C(=O)N(C[C@@]34C[C@@H]3C(C)(C)Oc3ccc(cc43)C(F)(F)F)CCn2c1=O,CHEMBL4280986,7200.0,CYP2C8,-11.41828
O[C@@H]1c2c(ccc(Oc3cc(F)cc(c3)C#N)c2C(F)F)S(=O)(=O)C1(F)F,CHEMBL4175320,50000.0,CYP2C8,-10.00924
C[C@]1(F)CCC[C@H]1Nc1c(cnn2cccc12)C(N)=O,CHEMBL3359927,20000.0,CYP2C8,-8.01237
OC(=O)c1cc(F)c2nc(sc2c1)N1CCC2(CC(=C2)c2c(onc2-c2ccccc2OC(F)(F)F)C2CC2)CC1,CHEMBL4851875,6200.0,CYP2C8,-11.93343
Fc1ccc2nccc(C3CCN(CC3)C(=O)C(=O)Nc3ccc(Cl)cc3)c2c1,CHEMBL4746699,4700.0,CYP2C8,-10.41953
FC(F)(F)c1ccc(Cn2cc(NC(=O)c3cc(on3)-c3ccccn3)cn2)c(c1)C(F)(F)F,CHEMBL5088106,1090.0,CYP2C8,-10.91946
CC(C)c1ccc(CC(=O)N[C@H](C)c2ccc(OCC(F)(F)F)cn2)cc1,CHEMBL1684950,20000.0,CYP2C8,-8.77904
Nc1ccc(cn1)-c1cnc(N)c(c1)-c1ccc(Cl)cc1,CHEMBL3754515,3000.0,CYP2C8,-9.81078
C[C@H]1C[C@@H](CC[C@H]1NN1CC[C@@]2([C@H]1CCc1cc(ccc21)C(F)(C(F)(F)F)C(F)(F)F)S(=O)(=O)c1ccc(F)cc1)C(O)=O,CHEMBL4871326,16000.0,CYP2C8,-11.3966
Oc1nc(SCc2ccc(Cl)cc2)nc2CCCc12,CHEMBL473326,20000.0,CYP2C8,-9.40732
CN(C)C(=O)Cn1ccc2ncc(cc12)-c1ccc(Cl)s1,CHEMBL4211247,10000.0,CYP2C8,-7.76421
C[C@H]1N(CCc2c1nnn2-c1nccc(C)n1)C(=O)c1cccc(c1Cl)C(F)(F)F,CHEMBL4095741,10000.0,CYP2C8,-10.69358
CN(O)C(=O)c1cc2c(CN3CCC[C@H]3C(N)=O)cn(Cc3ccc(F)cc3)c2cn1,CHEMBL1289313,30000.0,CYP2C8,-10.35374
CCCCNc1nc(N)nc2cccc(C(=O)N[C@@H](C)c3ccccc3OC)c12,CHEMBL4217425,,CYP2C8,-9.15265
Cc1ncn(n1)-c1cc(Cl)c(C(=O)NC[C@H](c2nc3ccc(Cl)cc3[nH]2)c2cccc(F)c2)c(Cl)c1,CHEMBL3627895,5280.0,CYP2C8,-11.25284
COc1ccc2[nH]c(SCc3cccc(Oc4ccccc4)c3)nc2c1,CHEMBL2018925,50000.0,CYP2C8,-9.92627
COc1cc(cc(OC)c1F)-c1cncc(c1C)-c1ccc(cc1)N1CCNCC1,CHEMBL4636120,20000.0,CYP2C8,-9.52953
CN[C@@H](C)C(=O)Nc1ccc(-c2c(nc3cc(C)ccn23)-c2ccnc(OC)c2)c(n1)C#Cc1ccc2c(C)nccc2c1,CHEMBL3928571,1600.0,CYP2C8,-11.20897
COc1ccc2nc(SCc3cc(OC)cc(OC)c3)[nH]c2c1,CHEMBL488400,3350.0,CYP2C8,-8.74715
COc1ccc2[nH]c(SCc3ccccc3)nc2c1,CHEMBL2018915,50000.0,CYP2C8,-8.69047
COc1ccc2[nH]c(SCCCO)nc2c1,CHEMBL2018913,5650.0,CYP2C8,-7.10827
Cc1ccc(CSc2nc3CCCc3c(O)n2)cc1,CHEMBL1371684,20000.0,CYP2C8,-9.51946
C[C@H](Oc1cc2cc(F)cc(F)c2nc1N)c1cc(ccc1-n1cccn1)C(O)=O,CHEMBL4785484,17300.0,CYP2C8,-9.83536
CC(NC(=O)c1[nH]cc(c1C)C1(CC1)c1ccc(nc1)C(F)(F)F)c1c[nH]cn1,CHEMBL4851471,,CYP2C8,-9.59037
CC1(C)C[C@@]2(CO1)CC[C@@H](CC2)Nc1cc(Nc2ccc(cc2F)S(C)(=O)=O)ncn1,CHEMBL4591100,50000.0,CYP2C8,-10.51972
C1CCC(CC1)c1nc(no1)-c1ccncc1,CHEMBL2069803,20000.0,CYP2C8,-8.0984
OC(=O)c1cc(F)c2nc(sc2c1)N1CCC2(CC(=C2)c2c(onc2-c2c(Cl)cncc2Cl)C2CC2)CC1,CHEMBL4870156,7700.0,CYP2C8,-10.80656
OC(=O)c1ccc2cc(ccc2n1)N1CCC2(CC(=C2)c2c(onc2-c2c(Cl)cccc2Cl)C2CC2)CC1,CHEMBL4872481,5600.0,CYP2C8,-11.30828
CN[C@@H](C)C(=O)Nc1ccc(-c2c(nc3cc(C)ccn23)-c2ccnc(C)c2)c(n1)C#Cc1ccc2c(C)nccc2c1,CHEMBL3911035,900.0,CYP2C8,-11.35744
Cc1cc(n[nH]1)-c1ccc(cc1)C(=O)[C@@H]1CCCC[C@H]1C(=O)Nc1cnn(C)c1S(N)(=O)=O,CHEMBL4474619,20000.0,CYP2C8,-10.36278
CCCCCCCCC[C@H](O)CC(=O)CCc1ccc(O)c(OC)c1,CHEMBL549472,2000.0,CYP2C8,-7.84196
CCCCN(c1ccnn1-c1ccccc1)S(=O)(=O)c1ccc(N)cc1,CHEMBL331485,4000.0,CYP2C8,-8.35185
Cc1ccc(cc1)-c1c(cnn1C)-c1nn(C)c2ncnc(N3CC[C@@H](C3)N3CCCCC3)c12,CHEMBL3527048,78000.0,CYP2C8,-10.69981
Cl.OC(=O)CNC(=O)c1c(O)cc(CCc2ccccc2)n2ncnc12,CHEMBL4166742,100000.0,CYP2C8,-10.52684
CCC(=O)N(Cc1cccc(O)c1)c1cc(F)cc(c1)-c1nnn[nH]1,CHEMBL2036217,970.0,CYP2C8,-10.00917
Cl.Cl.CCc1ccncc1-c1ccc(CN)o1,CHEMBL4173133,73000.0,CYP2C8,-7.88428
CS(=O)(=O)c1ccc(CN(C(=O)Cc2ccccc2)c2cc(F)cc(c2)-c2nnn[nH]2)cc1,CHEMBL2036225,50.0,CYP2C8,-10.43993
CC(=O)O[C@@H]1C2=C(C)[C@H](C[C@@](O)([C@@H](OC(=O)c3ccccc3)[C@@H]3[C@@]4(CO[C@@H]4[C@@H](O)[C@H](O)[C@@]3(C)C1=O)OC(C)=O)C2(C)C)OC(=O)[C@H](O)[C@@H](NC(=O)c1ccccc1)c1ccccc1,CHEMBL3911312,21600.0,CYP2C8,-11.90015
OC(=O)C1CN(Cc2ccc(cc2)-c2noc(n2)-c2onc(c2C(F)(F)F)-c2ccccn2)C1,CHEMBL3794145,40000.0,CYP2C8,-10.19167
OC1(CCN(CCCC(=O)c2ccc(F)cc2)CC1)c1ccc(Cl)cc1,CHEMBL54,30000.0,CYP2C8,-9.62447
O[C@H]([C@H]1CCCCN1)c1cc(nc2c(cccc12)C(F)(F)F)C(F)(F)F,CHEMBL172,30000.0,CYP2C8,-9.86976
CC(O)(c1nc(c[nH]1)-n1ccc(NC(=O)c2cscn2)cc1=O)c1cccc(c1)C(F)(F)F,CHEMBL3808805,4700.0,CYP2C8,-10.39323
CCn1nnc2c(C)c(ccc12)[C@@H](CC(O)=O)c1ccc2CCN(Cc2c1)C(=O)c1c(C)c(C)cc(C)c1C,CHEMBL4643134,10000.0,CYP2C8,-9.96681
OC(=O)c1ccccc1NC(=O)CCc1ccc2c3cn[nH]c3ccc2c1,CHEMBL485185,,CYP2C8,-10.62992
OC(=O)C1=C(CCCC1)NC(=O)CCc1noc2c1ccc1c(F)c(O)ccc21,CHEMBL483140,,CYP2C8,-10.29075
C[C@H](CN1CCC[C@@H]1C)NC(=O)c1ccc(cc1)-c1noc(n1)C(F)(F)F,CHEMBL4798111,50000.0,CYP2C8,-9.6493
CC(C)(C)c1cc(NC(=O)[C@@H]2CCCN2c2ccc(Cl)cc2)no1,CHEMBL3353863,3100.0,CYP2C8,-8.31109
Cc1csc2n(CC3CCCO3)c(=O)n(CCc3ccccc3)c(=O)c12,CHEMBL4451942,10000.0,CYP2C8,-9.37869
Cl.Cl.O=C(CN1CCOCC1)Nc1ccc(OC2CCN(CC2)C2CCC2)cc1,CHEMBL4593911,45000.0,CYP2C8,-8.50773
CCn1ccc(n1)-n1nnc2CN([C@@H](C)Cc12)C(=O)c1ccnc(c1Cl)C(F)(F)F,CHEMBL4062508,,CYP2C8,-10.1979
CC(C)CC(=O)N(Cc1ccc(cc1)S(C)(=O)=O)c1cc(F)cc(c1)-c1nnn[nH]1,CHEMBL2036222,79.0,CYP2C8,-9.43558
COc1ccc(CCN(C)CCNC(=O)c2ccccc2NC(=O)c2cnc3ccccc3c2)cc1OC,CHEMBL244239,5820.0,CYP2C8,-10.22142
O=C(NCc1ccncc1)c1nc(CS(=O)(=O)c2ccccc2)no1,CHEMBL2069801,20000.0,CYP2C8,-8.73763
Clc1cc(ccn1)-c1nnc(CSc2nnc(-c3ccncc3)n2C2CC2)o1,CHEMBL2069800,20000.0,CYP2C8,-8.96661
C(N1CCN(Cc2ccccc2)CC1)c1nnc(o1)-c1ccccc1,CHEMBL1504335,20000.0,CYP2C8,-9.19175
CCC(=O)N(Cc1cccc(OC(C)C)c1)c1cc(F)cc(c1)-c1nnn[nH]1,CHEMBL2036030,470.0,CYP2C8,-9.92834
CC(C)(CCN(C[C@H]1Cc2ccccc2CN1)[C@H]1CCCc2cccnc12)CNC1CCOCC1,CHEMBL4065224,5000.0,CYP2C8,-10.37008
Cc1cc(Nc2nc(nc3ccccc23)[C@@H](O)c2ccc(F)cc2)n[nH]1,CHEMBL3939800,22700.0,CYP2C8,-10.46224
Cc1cc(Nc2nc(nc3ccccc23)[C@H](O)c2ccc(F)cc2)n[nH]1,CHEMBL3962269,26900.0,CYP2C8,-10.33042
CCCSc1ccc2[nH]c(NC(=O)OC)nc2c1,CHEMBL1483,30000.0,CYP2C8,-7.04656
OC(=O)c1ccc(OC2CCN(CC2)C(=O)N[C@H]2C[C@@H]2c2ccccc2)c(Cl)c1,CHEMBL3114609,50000.0,CYP2C8,-11.04322
CN[C@@H](C)C(=O)Nc1ccc(-c2c(nc3cc(C)ccn23)-c2cccnc2OC)c(n1)C#Cc1ccc2c(C)nccc2c1,CHEMBL3895473,11000.0,CYP2C8,-11.02145
Cl.Cl.CCCc1ccncc1-c1ccc(CN)o1,CHEMBL4169721,260.0,CYP2C8,-7.64745
COc1c(ccc2[nH]c(cc12)-c1cn2CCO[C@H](c2n1)c1cccc(F)c1C)C#N,CHEMBL4451760,1300.0,CYP2C8,-10.00522
CC(C)N(C)c1ccc(cc1)[C@H]1C[C@@]2(C)[C@@H](CC[C@@]2(O)C#CC(C)(C)C)[C@@H]2CCC3=CC(=O)CC[C@@H]3[C@@H]12,CHEMBL4161754,10000.0,CYP2C8,-10.58814
Cl.Cl.NCC#Cc1cnc2ccccc2c1,CHEMBL4173203,,CYP2C8,-8.19684
COc1ccc(cn1)-c1ccc(NC(=O)Nc2cc(nn2-c2ccc(C)cc2)C(C)(C)C)cc1,CHEMBL2425160,10000.0,CYP2C8,-11.15711
[O-][N+](=O)c1cccc(c1)-c1ccc(cc1)S(=O)(=O)Nc1ccnn1-c1ccccc1,CHEMBL120426,7000.0,CYP2C8,-11.11483
CN[C@@H](C)C(=O)Nc1ccc(-c2c(nc3cc(C)ccn23)-c2cncn2C)c(n1)C#Cc1ccc2c(C)nccc2c1,CHEMBL3905467,9800.0,CYP2C8,-11.44378
CC(C)(C)C[C@H]1C[C@H](CCN1)c1cc(=O)[nH]o1,CHEMBL3287851,20000000.0,CYP2C8,-7.8137
CCC(=O)N(Cc1ccc(cc1)S(C)(=O)=O)c1cc(F)cc(c1)-c1nnn[nH]1,CHEMBL2036220,54.0,CYP2C8,-8.82524
Nc1ccc(cc1)S(=O)(=O)Nc1ccnn1-c1ccccc1,CHEMBL1109,130000.0,CYP2C8,-9.0625
OCCN(c1ccnn1-c1ccccc1)S(=O)(=O)c1ccc(cc1)-c1cccc(c1)[N+]([O-])=O,CHEMBL121048,250000.0,CYP2C8,-10.25905
Cl.Cl.NCC#Cc1cnccc1-c1ccco1,CHEMBL4163694,7500.0,CYP2C8,-7.48092
CCC[C@H]1N(CCC[C@@]1(Oc1csc(c1)C(F)(F)F)C(=O)N1CCN(CC1)c1ccccc1OCCCC(O)=O)C(=O)c1cnccc1C(F)(F)F,CHEMBL3805372,50000.0,CYP2C8,-11.54193
CN1C(=O)[C@]2(CCCN2C(=O)C2CC2)c2cc(ccc12)-c1ncnc2n(C)c(nc12)-c1cnc(C)nc1,CHEMBL4776201,50000.0,CYP2C8,-11.59303
CC1(C)CN2CCNCc3cccc1c23,CHEMBL4645774,50000.0,CYP2C8,-7.08442
CCCCNc1nc(N)nc2cccc(OCc3ccc(CO)cc3OC)c12,CHEMBL4213155,10000.0,CYP2C8,-9.66521
Cc1ccc2[nH]c(SCc3ccccn3)nc2c1,CHEMBL2019024,50000.0,CYP2C8,-8.20549
Cc1ccc(cn1)-c1ncn(n1)-c1ccc(Nc2nccc(n2)-c2cccc(c2)N2CCOCC2)cc1,CHEMBL2144409,50000.0,CYP2C8,-11.5832
Nc1ncnc2n(nc(-c3ccc(Oc4ccccc4)cc3)c12)[C@@H]1CCCN(C1)C(=O)C=C,CHEMBL1873475,7900.0,CYP2C8,-11.25811
C[C@]12CCCN1CC1=NNC(=O)c3cc(F)cc4[nH]c2c1c34,CHEMBL4112930,10000.0,CYP2C8,-8.64385
C(N1CCN(Cc2ccccc2)CC1)c1nc(no1)-c1ccccc1,CHEMBL2069921,20000.0,CYP2C8,-9.32063
CNC(C)C(=O)Nc1ccc(-c2c(nc3cc(C)ccn23)-c2ccncc2)c(n1)C#Cc1ccc2n(C)c(=O)ccc2c1,CHEMBL3934839,1200.0,CYP2C8,-11.46528
CN[C@@H](C)C(=O)Nc1ccc(-c2c(nc3cc(C)ccn23)-c2ccc(OC)nc2)c(n1)C#Cc1ccc2n(C)c(=O)ccc2c1,CHEMBL3929505,50000.0,CYP2C8,-10.09682
CN(c1ccnn1-c1ccccc1)S(=O)(=O)c1ccc(CC=C)cc1,CHEMBL333704,20000.0,CYP2C8,-8.46941
COc1ccc(cc1)C(NC(=O)c1cnc(nc1O)-c1cccnn1)c1ccc(OC)cc1,CHEMBL4783524,1600.0,CYP2C8,-10.01291
C[C@@H](NC(=O)c1ccc(Cl)cc1)[C@H]1CC[C@H](CC1)c1ccnc2ccc(F)cc12,CHEMBL4786690,1390.0,CYP2C8,-11.38626
CC(C)(C)n1nnnc1C(NCCNc1ccnc2cc(Cl)ccc12)c1ccc(Cl)c(Cl)c1,CHEMBL3099820,,CYP2C8,-9.91758
CCCc1cc(ccc1OCCCOc1ccc2[C@H](CC(O)=O)CCc2c1)-c1nc2CCCCc2s1,CHEMBL2113263,10000.0,CYP2C8,-10.66713
CC(c1ccc(cc1C(F)(F)F)C(F)(F)F)n1cc(NC(=O)c2nnc(s2)-c2ccccn2)c(C)n1,CHEMBL5089671,50000.0,CYP2C8,-11.01558
CCCCCC[C@@H]1CCc2cc(ccc2C1)[C@H]1CC[C@](N)(CO)C1,CHEMBL3806158,5000.0,CYP2C8,-9.61959
C=CCc1ccc(cc1)S(=O)(=O)Nc1ccnn1-c1ccccc1,CHEMBL332994,10000.0,CYP2C8,-8.96944
O=C(N1CCn2nc(cc2C1)-c1ccccn1)c1ccccc1,CHEMBL4554361,50000.0,CYP2C8,-9.61326
CCC(=O)N(Cc1ccc(cc1)C(F)(F)F)c1cc(F)cc(c1)-c1nnn[nH]1,CHEMBL2036210,86.0,CYP2C8,-10.79174
Cc1nc(Oc2ccc(cc2)C(O)=O)ccc1CN1CCC(CC1)N1[C@@H](CN(C2CCOCC2)C1=O)c1cccc(Cl)c1,CHEMBL2435853,100000.0,CYP2C8,-11.9038
Cl.Cl.Cc1ccncc1-c1ccc(CN)s1,CHEMBL4176100,80000.0,CYP2C8,-7.42097
Cn1cc(cn1)S(=O)(=O)N1CCC2=Cc3c(C[C@@]2(C1)C(=O)c1cc(ccn1)C(F)(F)F)cnn3-c1ccc(F)cc1,CHEMBL4068611,210.0,CYP2C8,-12.48961
Cl.Cl.Cc1ccncc1C#CCN,CHEMBL4173088,8600.0,CYP2C8,-6.42746
Nc1nc(OCc2ccccc2)c2[nH]nnc2n1,CHEMBL333928,10000.0,CYP2C8,-8.73041
Cc1ccc(cc1)C(NCCNc1ccnc2cc(Cl)ccc12)c1nnnn1C(C)(C)C,CHEMBL3099819,3980.0,CYP2C8,-9.93105
CB1Nc2c(OCC(O)CN(C)C)cccc2C=C1,CHEMBL3736433,10000.0,CYP2C8,-7.38112
Oc1cc(O)c2c(c1)oc(-c1ccc(O)c(O)c1)c(O)c2=O,CHEMBL50,1390.0,CYP2C8,-10.24523
OC(=O)c1ccccc1NC(=O)CCc1[nH]nc-2c1CCc1cc(O)ccc-21,CHEMBL520136,23000.0,CYP2C8,-10.43537
Clc1ccc(NC(=O)c2cn[nH]n2)c(Cl)c1,CHEMBL3604174,,CYP2C8,-8.13302
CCn1ncc2C[C@@H](CCc12)Nc1nc2c(cccn2n1)-c1ccc(F)cc1C,CHEMBL4127978,9500.0,CYP2C8,-10.64573
CN(c1ccnn1-c1ccccc1)S(=O)(=O)c1ccc(N)cc1,CHEMBL443542,50000.0,CYP2C8,-8.253
CC(C)(C)n1nnnc1C(NCCNc1ccnc2cc(Cl)ccc12)c1ccc(Cl)cc1,CHEMBL2414256,12700.0,CYP2C8,-9.68136
C[C@H](NC(=O)c1c(N)nn2cccnc12)c1cc2cccc(C#Cc3cnn(C)c3)c2c(=O)n1-c1ccccc1,CHEMBL3984425,20000.0,CYP2C8,-11.32705
Cc1ccc(cc1)-n1nc(cc1NC(=O)Nc1ccc(cc1)-c1cnco1)C(C)(C)C,CHEMBL2425153,10000.0,CYP2C8,-10.70306
COC(=O)N(CC(O)=O)Cc1cc(OCc2nc(oc2C)-c2ccc(Cl)cc2)ccc1F,CHEMBL3828718,40000.0,CYP2C8,-9.6165
Cl.Cl.Cl.NCc1ccc(s1)-c1cnccc1-c1ccncc1,CHEMBL4172017,25000.0,CYP2C8,-7.35969
CC(C)OC(c1nc(c[nH]1)-n1ccc(NC(=O)c2cscn2)cc1=O)c1cccc(c1)C(F)(F)F,CHEMBL3810042,180.0,CYP2C8,-10.25376
CC[C@H](NS(=O)(=O)c1ccc(-c2sc(CC(C)(C)C(O)=O)nc2CC2CCC2)c(C(F)F)c1F)C(F)(F)F,CHEMBL4641138,1800.0,CYP2C8,-9.44566
OC(=O)CCC1(CCCN(C1)C(=O)Nc1ccc(Cl)cc1)c1ccccc1,CHEMBL1079256,65000.0,CYP2C8,-9.48101
OC(=O)c1ccccc1NC(=O)CCc1ccn(n1)-c1ccccc1,CHEMBL1086567,2700.0,CYP2C8,-9.67284
N[C@H](C(=O)N1[C@H]2C[C@H]2C[C@H]1C#N)C12CC3CC(CC(O)(C3)C1)C2,CHEMBL385517,50000.0,CYP2C8,-8.53126
CCCCC[C@H]1OC(=O)c2ccc(OC)cc2[C@H]1OC(C)=O,CHEMBL529220,65000.0,CYP2C8,-7.4025
COc1cc2ncnc(Nc3cccc(Cl)c3F)c2cc1OC(=O)N1CCN(C)C[C@H]1C,CHEMBL3623290,50.0,CYP2C8,-10.32324
CCC(C)(C)C(=O)O[C@H]1C[C@@H](C)C=C2C=C[C@H](C)[C@H](CC[C@@H]3C[C@@H](O)CC(=O)O3)[C@@H]12,CHEMBL1064,3700.0,CYP2C8,-9.06709
CN(C)CCOC(c1ccccc1)c1ccccc1C,CHEMBL900,30000.0,CYP2C8,-7.74012
CO\\C(C)=C1\\NC(=O)[C@@H](NC(=O)c2csc(n2)-c2cc(OC)c(nc2-c2csc(n2)[C@@H]2COC(=O)c3c4CO[C@@H]([C@H](NC(=O)c5csc1n5)c1nc(cs1)C(=O)N2)[C@H](O[C@H]1C[C@](C)(O)[C@@H]([C@H](C)O1)N(C)C)C(=O)OCc1cccc(n3O)c41)-c1nc(cs1)C(=O)NCCCN1CCOCC1)[C@@H](C)O,CHEMBL504492,71000.0,CYP2C8,55.62968
COc1nc(ccc1-n1cnc(C)c1)C1=NOC(C2CC2)C(N1)c1ccc(Cl)cc1,CHEMBL4848062,2600.0,CYP2C8,-9.40024
Fc1ccc(nc1)-c1nc2CN(CCc2o1)C(=O)c1ccccc1,CHEMBL4060556,50000.0,CYP2C8,-9.44
CN(C)c1ccc(cc1)[C@H]1C[C@@]2(C)[C@@H](CC[C@@]2(O)C#CC(C)(C)C)[C@@H]2CCC3=CC(=O)CCC3=C12,CHEMBL4163069,10000.0,CYP2C8,-9.81924
COc1ccc(CCN2CCC(CC2)Nc2nc3ccccc3n2Cc2ccc(F)cc2)cc1,CHEMBL296419,30000.0,CYP2C8,-10.68954
OC(C1CCN(CCCC(=O)c2ccc(CC=C)cc2)CC1)(c1ccccc1)c1ccccc1,CHEMBL207831,100000.0,CYP2C8,-11.28057
OC(=O)CCCCCCCNn1nnc2ccccc12,CHEMBL4557940,306000.0,CYP2C8,-7.57119
OC(=O)CCCCCNn1nnc2ccccc12,CHEMBL4442292,954000.0,CYP2C8,-7.65993
Fc1ccc(cc1)S(=O)(=O)[C@@]12CCN([C@@H]1CCc1cc(ncc21)C(F)(C(F)(F)F)C(F)(F)F)C(=O)[C@@H]1CCC(=O)N1CCC#N,CHEMBL4748187,20000.0,CYP2C8,-11.65171
NC[C@H](NC(=O)c1ccc([nH]1)-c1ccc(c(F)c1)C(F)(F)F)c1nc(CO)cs1,CHEMBL4533529,25000.0,CYP2C8,-9.45926
Cc1cc(n[nH]1)-c1ccc(cc1)C(=O)[C@@H]1CCCC[C@H]1C(=O)Nc1cnn2CCNC(=O)c12,CHEMBL4542281,20000.0,CYP2C8,-10.91603
CCNCc1cc(Nc2ccnc3cc(Cl)ccc23)ccc1O,CHEMBL1235,20000.0,CYP2C8,-9.30146
CC(C)([C@@H]1c2ccc(nc2Oc2c(F)cccc12)-c1ccc(cc1)C(=O)N1CCOCC1)C(=O)Nc1nncs1,CHEMBL3315062,3000.0,CYP2C8,-11.82264
CC(CC(O)=O)c1cccc(n1)-n1c(cc2ccc(OC(F)(F)F)cc12)C(N)=O,CHEMBL4215835,20000.0,CYP2C8,-9.13748
CCCCNc1nc(N)nc2cccc(OCc3ccccc3OC)c12,CHEMBL4208231,10000.0,CYP2C8,-9.39494
COc1nc(ccc1-n1cnc(C)c1)C1=NOC[C@@H](N1)c1cc2ccccc2o1,CHEMBL4101809,25000.0,CYP2C8,-10.16626
Cc1nnnn1-c1ccc(NC(=O)Nc2cc(nn2-c2ccc(C)cc2)C(C)(C)C)cc1,CHEMBL2425152,10000.0,CYP2C8,-11.27642
Cc1ccc(cc1)-n1nc(cc1NC(=O)Nc1ccc(cc1)-n1cnc2c(N)ncnc12)C(C)(C)C,CHEMBL2425144,10000.0,CYP2C8,-11.70633
O[C@@H]([C@H]1CC[C@@H](Cc2ccc(NC(=O)[C@@H]3CCc4nccc(=O)n34)cc2)N1)c1ccccc1,CHEMBL2107826,100000.0,CYP2C8,-10.7704
CS(=O)(=O)N1[C@@H](C2=C(CCC2=O)N(C1=O)c1cccc(c1)C(F)(F)F)c1ccc(cc1)C#N,CHEMBL4107405,50000.0,CYP2C8,-10.06013
O=C(Nc1ccncc1)Nc1ccc(cc1)-c1nc(nc(n1)N1CCOCC1)N1C2CCC1COC2,CHEMBL1258517,3000.0,CYP2C8,-10.54506
CNC(=O)c1c(oc2ccc(cc12)-c1cc(ccc1C)C(=O)NC1(CC1)c1ncccn1)-c1ccc(F)cc1,CHEMBL4104000,3900.0,CYP2C8,-11.72605
CN1CCN(CC1)c1cnc2c(ncnc2c1)C1CCN(CC1)C(=O)c1ccc(OC(F)(F)F)cc1N,CHEMBL4445670,20000.0,CYP2C8,-10.73632
CC[C@@H](NC(=O)c1ccc(OC)nc1)[C@H]1CC[C@H](CC1)c1ccnc(OC)c1C(F)F,CHEMBL4848094,4010.0,CYP2C8,-8.99556
Fc1ccc(c(F)c1)-c1cc(Nc2ccncc2)c2cc[nH]c2n1,CHEMBL4446613,79.43,CYP2C8,-9.98316
Cc1coc(n1)[C@H]1C[C@H]2[C@@H](CF)SC(N)=N[C@]2(CO1)c1ccc(F)cc1F,CHEMBL3422244,30000.0,CYP2C8,-8.35096
Cc1coc(n1)[C@H]1C[C@H]2CSC(N)=N[C@]2(CO1)c1ccc(F)cc1F,CHEMBL3422236,30000.0,CYP2C8,-9.4575
CC(C)COc1ncc(cc1Cl)-c1cn(C)c2cc(ccc12)C(=O)NS(C)(=O)=O,CHEMBL4279180,1000.0,CYP2C8,-9.43519
CNC(C)C(=O)Nc1ccc(-c2c(nc3cc(C)ccn23)-c2ccncc2)c(n1)C#Cc1ccc(cc1)-c1ccon1,CHEMBL3969750,300.0,CYP2C8,-10.66019
Cc1cc(N[C@H]2CCc3ccc(Cl)cc3C2)n2nc(nc2n1)C(C)(F)F,CHEMBL4751920,20000.0,CYP2C8,-10.12235
Cl.CN(C\\C=C\\c1ccc(cc1)-c1ccccc1)Cc1coc2ccccc12,CHEMBL4086008,10000.0,CYP2C8,-10.84295
OC(=O)C1=C(CCCC1)NC(=O)CCc1noc2c1ccc1cc(O)ccc21,CHEMBL483139,,CYP2C8,-10.77793
CCN(CC)Cc1ccc(Nc2ccnc3cc(Cl)ccc23)cc1O,CHEMBL147587,13000.0,CYP2C8,-8.67488
OC1(CCN(CC1)[C@@H](CNC(=O)C1(CCCC1)c1ccc(Cl)cc1)Cc1ccccc1)C(F)(F)F,CHEMBL4208555,11781.0,CYP2C8,-10.97871
C[C@H]1N(CCc2c1ncn2-c1ccccn1)C(=O)c1cccc(c1Cl)C(F)(F)F,CHEMBL3955145,10000.0,CYP2C8,-10.71307
Cc1cc(C)n(CC(=O)N2CCc3c2ccc(-c2cn(C)c4ncnc(N)c24)c3F)n1,CHEMBL2441346,25000.0,CYP2C8,-10.41641
OC(=O)c1cc(c2cc(ccc2n1)N1CCC2(CC(=C2)c2c(onc2-c2c(Cl)cncc2Cl)C2CC2)CC1)C(F)(F)F,CHEMBL4862974,4200.0,CYP2C8,-12.37707
OC(=O)c1ccccc1NC(=O)CCc1nnn2c1ccc1cc(O)ccc21,CHEMBL521326,,CYP2C8,-10.14338
Cn1nc(CCC(=O)Nc2ccccc2C(O)=O)c2CCc3cc(O)ccc3-c12,CHEMBL483160,,CYP2C8,-10.73088
[O-][n+]1onc2ccc(\\C=N\\NC(=O)c3ccncc3)cc12,CHEMBL2338421,20000.0,CYP2C8,-8.65937
C[C@H]1N(CCc2c1ncn2-c1ccc(F)cn1)C(=O)c1cccc(c1Cl)C(F)(F)F,CHEMBL3895947,10000.0,CYP2C8,-10.10572
C(NC1CCOCC1)C=CCN(C[C@H]1Cc2ccccc2CN1)[C@H]1CCCc2cccnc12,CHEMBL4075205,5000.0,CYP2C8,-10.84897
Cc1cc(on1)[C@H]1C[C@H]2[C@@H](CF)SC(N)=N[C@]2(CO1)c1ccc(F)cc1F,CHEMBL3422245,30000.0,CYP2C8,-8.89458
COc1ccc(cc1-c1ncc(cc1[C@@H]1CC[C@H]2[C@H](OC(=O)N12)c1cc(cc(c1)C(F)(F)F)C(F)(F)F)C(F)(F)F)-c1ccc(cc1C)C(O)=O,CHEMBL4865918,4000.0,CYP2C8,-13.43991
Cn1c2cc(N3CCC[C@@](C)(N)C3)n(Cc3cc(F)ccc3C#N)c2c(=O)n(C)c1=O,CHEMBL1819090,50000.0,CYP2C8,-9.1543
COc1cc(cc(F)c1C(N)=O)-c1cncc(c1C)-c1ccc(cc1)N1C[C@H](C)N(C)[C@H](C)C1,CHEMBL4434717,30000.0,CYP2C8,-10.31966
COc1c(oc2c3ccoc3ccc2c1=O)-c1ccc2OCOc2c1,CHEMBL577397,20000.0,CYP2C8,-9.78225
O=c1cc(oc2c3ccoc3ccc12)-c1ccccc1,CHEMBL224157,20000.0,CYP2C8,-9.83396
CC1CC(CC(C)(C)C1)C(=O)Nc1nc2ccc(Br)cc2s1,CHEMBL4281073,20000.0,CYP2C8,-8.53791
CC(Cc1ccn(n1)-c1ccc(O)cn1)C(=O)NC1=C(CC(CC1)c1cc(F)cc(F)c1)C(O)=O,CHEMBL1085616,7700.0,CYP2C8,-10.46529
Cc1cc(OCCN2CCOCC2)nn1-c1ccc2ccccc2c1,CHEMBL2170062,10000.0,CYP2C8,-9.49606
CCSc1nc2cc(OC)ccc2[nH]1,CHEMBL2018906,6970.0,CYP2C8,-6.78139
Cc1ccc(NC(=O)C2(CC2)c2ccc3OC(F)(F)Oc3c2)nc1-c1cccc(c1)C(O)=O,CHEMBL2103870,12000.0,CYP2C8,-12.47116
CN[C@@H](C)C(=O)Nc1ccc(-c2c(nc3cc(C)ccn23)-c2cnc(C)nc2)c(n1)C#Cc1ccc2n(C)c(=O)ccc2c1,CHEMBL3935923,50000.0,CYP2C8,-11.29368
CN(C)c1ccc(cc1)[C@H]1C[C@@]2(C)[C@@H](CC[C@@]2(O)C#CC(C)(C)C)[C@@H]2CCC3=CC(=O)CCC3=C12,CHEMBL4163069,10000.0,CYP2C8,-9.81924
Cl.Cl.NCC#Cc1cccnc1,CHEMBL4171558,6400.0,CYP2C8,-6.06378
Cc1ccc(cc1)-n1nc(cc1NC(=O)Nc1ccc(cc1)-n1ccnc1)C(C)(C)C,CHEMBL2425146,400.0,CYP2C8,-10.07686
Cl.Cn1nccc1-c1ccc(C(=O)N[C@@H]2CNCC[C@H]2c2ccc(F)c(F)c2)c(F)c1,CHEMBL4556790,100000.0,CYP2C8,-10.97973
Cl.Cl.Cl.NCC#Cc1cnccc1-c1ccncc1,CHEMBL4160326,50000.0,CYP2C8,-7.11356
Cc1ccc(cc1)-n1nc(cc1NC(=O)Nc1ccc(cc1)-n1cnc(Cl)c1Cl)C(C)(C)C,CHEMBL2425149,10000.0,CYP2C8,-11.05515
CC1CC(CC(C)(C)C1)C(=O)Nc1nc2ccc(Cl)cc2s1,CHEMBL4295138,20000.0,CYP2C8,-8.54014
COc1cccc2nccc(Nc3cc(ncc3C)-c3nc(C)ccc3F)c12,CHEMBL4094958,2511.89,CYP2C8,-9.97632
Cl.Cl.NCc1ccc(o1)-c1cnccc1-c1ccccc1,CHEMBL4159065,5200.0,CYP2C8,-8.60143
COc1ccccc1CC[C@@H]1CCc2cc(ccc2C1)[C@H]1CC[C@](N)(CO)C1,CHEMBL4649457,8600.0,CYP2C8,-10.99452
COc1ccc(cc1-c1ccc(cc1[C@@H]1CC[C@H]2[C@H](OC(=O)N12)c1cc(cc(c1)C(F)(F)F)C(F)(F)F)C(F)(F)F)C(C)CC(O)=O,CHEMBL4860512,,CYP2C8,-11.91251
Cc1cc(NC2CCc3ccc(Br)cc3C2)n2nc(nc2n1)C(C)(F)F,CHEMBL4753862,16900.0,CYP2C8,-9.94449
Cc1cc(NC2CCc3cc(Br)ccc3C2)n2nc(nc2n1)C(C)(F)F,CHEMBL4747214,18700.0,CYP2C8,-9.44171
CN[C@@H](C)C(=O)Nc1ccc(-c2c(nc3cc(Cl)ccn23)-c2cccnc2OC)c(n1)C#Cc1ccc2c(C)nccc2c1,CHEMBL3974300,2200.0,CYP2C8,-10.99968
CNC(=O)c1ccc2cc(ccc2c1)[C@@]1(O)CCn2cncc12,CHEMBL1921976,30000.0,CYP2C8,-9.01412
C[C@H]1Cc2c(CN1C(=O)c1ccnc(c1C)C(F)(F)F)nnn2-c1ncc(F)cn1,CHEMBL3936866,10000.0,CYP2C8,-9.87648
Nc1cc(Cc2ccccc2)c2nn[nH]c2n1,CHEMBL4753981,10000.0,CYP2C8,-8.38113
C[C@H]1CCN1c1nc(cc(n1)C(F)(F)F)N1C[C@H]2[C@H](CC(O)=O)[C@H]2C1,CHEMBL4549658,100000.0,CYP2C8,-8.81032
C[C@H]1Cc2c(CN1C(=O)c1cccc(c1F)C(F)(F)F)nnn2-c1ncc(F)cn1,CHEMBL3919664,10000.0,CYP2C8,-9.98941
CC[C@H]1N(C2CCCCC2)c2nc(Nc3cc(F)c(cc3OC)C(=O)NC3CCN(C)CC3)ncc2-n2cnc(C#N)c12,CHEMBL4078098,10000.0,CYP2C8,-10.0824
OC(=O)c1cc(F)c2nc(sc2c1)N1CCC2(CC(=C2)c2c(onc2-c2ccccc2C(F)(F)F)C2CC2)CC1,CHEMBL4874257,,CYP2C8,-12.0727
CCC([C@H]1CC[C@H](CC1)c1ccnc2ccc(cc12)C(F)(F)F)c1nc2ncc(Cl)cc2[nH]1,CHEMBL4756822,1470.0,CYP2C8,-11.55918
CCN(C(=O)c1cc(C(C)C)c(O)cc1O)c1cccnc1,CHEMBL4871799,50000.0,CYP2C8,-7.46574
COc1cc(cc(F)c1C(N)=O)-c1cncc(c1C)-c1ccc(cc1)N1CCN(C)CC1,CHEMBL4575655,30000.0,CYP2C8,-9.45317
Oc1cc(O)c2c(c1)oc(-c1ccc(O)c(O)c1)c(O)c2=O,CHEMBL50,1200.0,CYP2C8,-10.24523
CC(C)(C)c1ccccc1Oc1ccc(cc1NC(=O)Nc1ccc(OC(F)(F)F)cc1)-c1cccc(c1)C(O)=O,CHEMBL4097275,5000.0,CYP2C8,-11.59005
CCCCNc1nc(N)nc2cccc(C(=O)NC)c12,CHEMBL4210732,10000.0,CYP2C8,-8.48317
CCCCCCCSc1nc2cc(OC)ccc2[nH]1,CHEMBL2018908,50000.0,CYP2C8,-7.28247
Cc1ccc(nc1C(=O)Nc1c(C)cc(cc1C)C(O)=O)N1CCC(O)CC1,CHEMBL3686863,10000.0,CYP2C8,-9.8207
Cc1ccc(cc1)S(=O)(=O)Nc1ccnn1-c1ccccc1,CHEMBL432386,220000.0,CYP2C8,-9.45451
COCCCc1ccc2oc(cc2c1)-c1ccc(OC)c(OC)c1,CHEMBL4066961,31400.0,CYP2C8,-7.91581
O[C@H](CN1CCC[C@H](CC(O)=O)C1)c1ccc(cc1)-c1noc(n1)-c1onc(c1C(F)(F)F)-c1ccccc1,CHEMBL4458575,22000.0,CYP2C8,-10.83476
COc1cc(c(F)cn1)-c1ncc(COc2cccc(c2)[C@@H](CC(O)=O)C2CC2)nc1CC(C)C,CHEMBL4764485,9800.0,CYP2C8,-10.47084
CCCCCCC[C@H](O)CC(=O)CCc1ccc(O)c(OC)c1,CHEMBL1095671,2200.0,CYP2C8,-7.71041
Nc1ccc2[nH]c(SCc3ccccn3)nc2c1,CHEMBL2019026,990.0,CYP2C8,-8.16113
Oc1cc(O)c2c(c1)oc(-c1ccc(O)c(O)c1)c(O)c2=O,CHEMBL50,7000.0,CYP2C8,-10.24523
CN(c1ccnn1-c1ccccc1)S(=O)(=O)c1ccc(C)cc1,CHEMBL332958,180000.0,CYP2C8,-8.94583
CCCN(c1ccnn1-c1ccccc1)S(=O)(=O)c1ccc(N)cc1,CHEMBL120183,8000.0,CYP2C8,-8.37424
CC#C[C@]1(O)CC[C@H]2[C@@H]3CCC4=CC(=O)CCC4=C3[C@H](C[C@]12C)c1ccc(cc1)N(C)C,CHEMBL1276308,1500.0,CYP2C8,-9.9534
CCOC(=O)N1CCC(C1)=CC#Cc1cccc(C)n1,CHEMBL4551786,20000.0,CYP2C8,-8.01976
Oc1cc(O)c2c(c1)oc(-c1ccc(O)c(O)c1)c(O)c2=O,CHEMBL50,20000.0,CYP2C8,-10.24523
CC(C)n1nccc1-c1ncccc1COc1cccc(O)c1C=O,CHEMBL4101807,7900.0,CYP2C8,-8.13096
[2H]C([2H])([2H])Oc1ccc(nc1)-c1c([nH]c2cccnc12)-c1ccnc(NC(C)=O)c1,CHEMBL4280731,20000.0,CYP2C8,-9.76091
COc1cc(cc(OC)c1OC)-c1cncc(c1C)-c1ccc(cc1)N1CCNCC1,CHEMBL4517408,30000.0,CYP2C8,-9.01066
OC(=O)COC[C@H]1CC[C@H](COC(=O)N(c2ccccc2)c2ccc(Cl)cc2)CC1,CHEMBL3301604,50000.0,CYP2C8,-8.6273
CCCCCCCC(=O)CCc1ccc(O)c(OC)c1,CHEMBL2071440,3800.0,CYP2C8,-7.52598
CCN(C1CCOCC1)c1cc(cc(C(=O)NCc2c(C)cc(C)[nH]c2=O)c1C)C#CC1CCN(C)CC1,CHEMBL3672842,47430.0,CYP2C8,-10.43887
CC1=C(COC1=O)N1CCC2(CCN(C[C@H](O)c3ccc4C(=O)OCc4c3C)CC2)C1=O,CHEMBL3913475,50000.0,CYP2C8,-10.68282
CCn1c(=O)n(CCC(F)(F)F)c2sc(C(=O)N3CCC(O)CC3)c(C)c2c1=O,CHEMBL4522981,20000.0,CYP2C8,-9.62772
CN(C)C(=O)Cn1ccc2ncc(cc12)-c1ccc(s1)C(F)(F)F,CHEMBL4531750,10000.0,CYP2C8,-8.45854
O=C(Nc1ccc2ccccc2n1)c1cc[nH]n1,CHEMBL3604140,,CYP2C8,-8.40669
CC#C[C@]1(O)CC[C@H]2[C@@H]3CCC4=CC(=O)CC[C@]4(C)[C@H]3[C@H](C[C@]12C)c1ccc(cc1)N(C)C,CHEMBL4571052,8000.0,CYP2C8,-10.00985
CCCCNc1nc(N)nc2cccc(OCc3ccccc3)c12,CHEMBL4209700,10000.0,CYP2C8,-9.15246
C[C@H]1N(CCc2c1nnn2-c1cnccn1)C(=O)c1cccc(c1Cl)C(F)(F)F,CHEMBL4074304,10000.0,CYP2C8,-9.4775
Cl.Nc1ncccc1-c1nc2ccc(nc2n1-c1ccc(cc1)C1(N)CCC1)-c1cccnc1,CHEMBL4544109,20000.0,CYP2C8,-9.93148
CC\\C(=C(\\c1ccc(\\C=C\\C(O)=O)cc1)c1ccc2[nH]ncc2c1)c1ccc(F)cc1Cl,CHEMBL3581693,100.0,CYP2C8,-9.97425
COc1cc(cc(F)c1C(N)=O)-c1cncc(c1C)-c1ccc(cc1)N1CCN(CC1)C(C)C,CHEMBL4548795,30000.0,CYP2C8,-9.79082
Cc1c(CCC(=O)Nc2ccccc2C(O)=O)cnn1-c1ccc(O)cc1,CHEMBL236163,19000.0,CYP2C8,-9.68763
Clc1cc(Cl)c2cc([nH]c2c1)C(=O)NC1CCCCCC1,CHEMBL4090593,20000.0,CYP2C8,-9.38894
CC[C@H]1N(C2CCCC2)c2nc(Nc3cc(F)c(cc3OC)C(=O)NC3CCN(C)CC3)ncc2-n2cnc(C#N)c12,CHEMBL4066163,10000.0,CYP2C8,-10.70235
COc1ccc2[nH]c(SCc3ccc(cc3)C(C)(C)C)nc2c1,CHEMBL2018918,970.0,CYP2C8,-8.70158
COc1ccc2[nH]c(SCc3ccc(Cl)cc3)nc2c1,CHEMBL2018919,1440.0,CYP2C8,-8.61574
CCOC(=O)N1CCC(CC1)=C1c2ccc(Cl)cc2CCc2cccnc12,CHEMBL998,2950.0,CYP2C8,-9.72848
CN(C)C(=O)Cn1ccc2ncc(cc12)-c1cccc(C)c1,CHEMBL4474982,10000.0,CYP2C8,-9.3993
CN(C)C(=O)Cn1ccc2ncc(cc12)-c1ccc(F)c(C)c1,CHEMBL4302264,10000.0,CYP2C8,-9.42246
Cc1c2COC(=O)c2ccc1[C@@H](O)CN1CCC2(CCN(C2=O)c2ccc(=O)n(C)n2)CC1,CHEMBL4069245,50000.0,CYP2C8,-11.28094
CC(C)(O)C(=O)N[C@@H]1CC[C@@]2([C@H]1CCc1cc(ccc21)C(F)(C(F)(F)F)C(F)(F)F)S(=O)(=O)c1ccc(F)cc1,CHEMBL4761772,12000.0,CYP2C8,-11.01769
CNC(=O)C(=O)NCCCCC=CCCCCCCCOCC(O)=O,CHEMBL4473988,50000.0,CYP2C8,-7.58555
Cc1cn(cn1)-c1ccc2C(=O)N(CCOc3ccc(F)cc3C(F)(F)F)CCn2c1=O,CHEMBL3127905,19000.0,CYP2C8,-9.97438
COc1ncc(cc1-c1ccc(cc1[C@@H]1CC[C@H]2[C@H](OC(=O)N12)c1cc(F)cc(c1)C(F)(F)F)C(F)(F)F)-c1c(C)cc(cc1C)C(O)=O,CHEMBL3657528,3000.0,CYP2C8,-13.26108
COC(=O)N(CC(O)=O)Cc1cccc(OCc2nc(oc2C)-c2ccc(Cl)cc2)c1,CHEMBL1089501,40000.0,CYP2C8,-9.5338
C[C@H](c1ccc(cc1C(F)(F)F)C(F)(F)F)n1cc(NC(=O)c2noc(c2C)-c2ccccn2)cn1,CHEMBL5086248,10750.0,CYP2C8,-11.03702
C[C@H](c1ccc(cc1C(F)(F)F)C(F)(F)F)n1cc(NC(=O)c2cn(nn2)-c2ccccn2)cn1,CHEMBL5091548,30500.0,CYP2C8,-10.84953
CN[C@@H](C)C(=O)Nc1ccc(-c2c(nc3cc(C)ccn23)-c2ccc(OC)nc2)c(n1)C#Cc1ccc2c(C)nccc2c1,CHEMBL3964219,15000.0,CYP2C8,-10.68164
Cc1c(CCC(=O)Nc2ccccc2C(O)=O)cnn1-c1ccc(O)cc1,CHEMBL236163,28000.0,CYP2C8,-9.68763
C[C@H](Cc1cnn(c1C)-c1ccc(O)cc1)C(=O)NC1=C(CCCC1)C(O)=O,CHEMBL483934,100000.0,CYP2C8,-9.56257
Nc1ncccc1-c1nc2cccnc2n1-c1ccc(CC(=O)Nc2ccccc2)cc1,CHEMBL2177818,10000.0,CYP2C8,-10.52296
Cl.OC[C@H](O)Cn1c2ccccc2n(C2CCN(C[C@H]3[C@H]4CC[C@H](C4)C33CC3)CC2)c1=O,CHEMBL564840,100000.0,CYP2C8,-10.24554
C[C@@H](O[C@H]1CC[C@@H]2CN(C[C@H]2[C@@H]1c1ccc(F)cc1)C1=CC(=O)CC1)c1cc(cc(c1)C(F)(F)F)C(F)(F)F,CHEMBL447955,58000.0,CYP2C8,-12.31116
Cl.Cl.Cl.Cl.NCc1ccc(o1)-c1cnccc1-c1cncnc1,CHEMBL4168256,50000.0,CYP2C8,-7.09962
CCN(c1ccnn1-c1ccccc1)S(=O)(=O)c1ccc(N)cc1,CHEMBL330871,13000.0,CYP2C8,-8.23847
Nc1ccc(cc1)S(=O)(=O)N(Cc1ccccc1)c1ccnn1-c1ccccc1,CHEMBL120797,15000.0,CYP2C8,-9.44303
Cc1ccc(cc1)C(C)(O)c1nc(c[nH]1)-n1ccc(NC(=O)c2cscn2)cc1=O,CHEMBL3809367,18000.0,CYP2C8,-9.69757
COc1ccc2[nH]c(SCC(C)(C)C)nc2c1,CHEMBL2018910,50000.0,CYP2C8,-7.29314
CNC(C)C(=O)Nc1ccc(-c2c(nc3cc(C)ccn23)-c2ccncc2)c(n1)C#Cc1ccc2ncccc2c1,CHEMBL3925961,300.0,CYP2C8,-10.71492
CCCCNc1nc(N)nc2cccc(OCc3ccccn3)c12,CHEMBL4218074,10000.0,CYP2C8,-9.09561
COc1ccc2[nH]c(SCC3CCCCC3)nc2c1,CHEMBL2018912,5110.0,CYP2C8,-8.2441
COc1ccc2[nH]c(SCc3ccc(cc3)C(C)C)nc2c1,CHEMBL2018917,50000.0,CYP2C8,-8.84906
COc1ccc2[nH]c(SCC(C)C)nc2c1,CHEMBL2018909,31900.0,CYP2C8,-7.06148
Cl.Cl.Cl.NCc1ccc(o1)-c1cnccc1-c1cccnc1,CHEMBL4165895,25000.0,CYP2C8,-7.40564
CC(=O)N1CCN(C(=O)C1(C)C)c1cc(ccc1C#N)-c1cc(c2c(N)ncnn12)C(F)(F)F,CHEMBL4064666,20000.0,CYP2C8,-10.31788
Cc1cc(Oc2cncnc2)cc(n1)C(=O)Nc1ccc(F)cn1,CHEMBL2386850,200000.0,CYP2C8,-8.88702
C[C@]12CC[C@H]3[C@@H](CCC4=Cc5oncc5C[C@]34C)[C@@H]1CC[C@@]2(O)C#C,CHEMBL1479,1950.0,CYP2C8,-9.71797
CC(=O)Nc1cc(ccn1)-c1[nH]c2cccnc2c1-c1cccc(n1)C(F)F,CHEMBL4284170,20000.0,CYP2C8,-9.23056
CN1CC[C@H](C[C@@H]1c1nc2ccccc2[nH]1)NC(=O)Nc1ccc(cc1)C#N,CHEMBL2043437,30000.0,CYP2C8,-9.99127
Cc1cc2c(c(C(O)=O)n(Cc3cc4ccccc4nc3Cl)c2cc1F)-c1ccc[nH]c1=O,CHEMBL3092124,30000.0,CYP2C8,-11.42558
CNC(C)C(=O)Nc1ccc(-c2c(nc3cc(C)ccn23)-c2ccncc2)c(n1)C#Cc1ccccc1,CHEMBL3970302,1700.0,CYP2C8,-10.21549
Cc1cnc(cc1Nc1ccnc2cn[nH]c12)-c1cc(F)ccc1F,CHEMBL4102696,316.23,CYP2C8,-9.76251
Oc1cc(O)c2c(c1)oc(-c1ccc(O)c(O)c1)c(O)c2=O,CHEMBL50,3500.0,CYP2C8,-10.24523
CCn1c(nc2c(N[C@H]3CCN(C3)C(=O)C3CC3)ncnc12)-c1cnc(C)nc1,CHEMBL4853960,50000.0,CYP2C8,-8.76929
O=c1c2c([nH]c(Cc3ccc4OCOc4c3)c2oc2ccccc12)-c1nccs1,CHEMBL4099219,25000.0,CYP2C8,-11.1316
OC1CN(C1)C(=O)CC1(C2CC3CC1CC(C2)C3O)c1ccccc1,CHEMBL4080667,40000.0,CYP2C8,-8.88854
CCCCNc1nc(N)nc2cccc(C(=O)N(C)C(C)C)c12,CHEMBL4214206,,CYP2C8,-9.05536
C[C@H]1COCCN1c1nc(cc(n1)C1(CC1)S(C)(=O)=O)-c1cnc(N)cc1F,CHEMBL4211915,10000.0,CYP2C8,-9.09778
Cl.NCc1ccc(cc1)-n1c(nc2ccc(nc12)-c1ccccc1)-c1cccnc1N,CHEMBL4513257,10000.0,CYP2C8,-10.11499
CC(C)OC(=O)N1CCC(CCCCCOc2ccc(cc2)C(=O)N(C)C)CC1,CHEMBL4215560,10000.0,CYP2C8,-9.06807
Fc1ccccc1-c1cc(Nc2ccncc2)c2cc[nH]c2n1,CHEMBL4576833,50118.72,CYP2C8,-9.51047
COc1cc-2c(C[C@@H](C(C)C)n3cc(C(O)=O)c(=O)cc-23)cc1OCCCCCCC(O)=O,CHEMBL4850531,10000.0,CYP2C8,-8.70838
Cn1cc(cn1)[C@H]1C[C@H]2CSC(N)=N[C@]2(CO1)c1ccc(F)cc1F,CHEMBL3422238,30000.0,CYP2C8,-8.31748
Cl.CC(=O)Nc1cccc(c1)-c1ccc2nc(-c3cccnc3N)n(-c3ccc(cc3)C3(N)CCC3)c2n1,CHEMBL4519558,1000.0,CYP2C8,-11.39854
C[C@@H]1CCO[C@H]2Cn3cc(C(=O)NCc4ccc(F)cc4F)c(=O)c(O)c3C(=O)N12,CHEMBL1229211,100000.0,CYP2C8,-10.14032
CCCCCCCCC1CCc2cc(CCC(N)(CO)CO)ccc2C1,CHEMBL4750944,3200.0,CYP2C8,-8.82205
CC(C)(O)CC(=O)N[C@@H]1CC[C@@]2([C@H]1CCc1nc(ccc21)C(F)(C(F)(F)F)C(F)(F)F)S(=O)(=O)c1ccc(F)cc1,CHEMBL4800380,6300.0,CYP2C8,-10.45595
Oc1cc(O)c2c(c1)oc(-c1ccc(O)c(O)c1)c(O)c2=O,CHEMBL50,3500.0,CYP2C8,-10.24523
OC(=O)CCCCCCCNn1nnc2ccccc12,CHEMBL4557940,84000.0,CYP2C8,-7.57119
OC(=O)CCCCCNn1nnc2ccccc12,CHEMBL4442292,2310000.0,CYP2C8,-7.65993
OCCn1cc(cn1)-c1cnc2nnn(Cc3ccc4ncccc4c3)c2n1,CHEMBL2001019,30000.0,CYP2C8,-9.92725
CCc1nc(no1)-c1ccc2[C@@H](CCc2c1)NC(=O)c1cnn(C)c1,CHEMBL4847050,100000.0,CYP2C8,-9.23555
OC1CCN(CC1)c1nccc2c(c(nn12)-c1ccc(F)cc1)-c1ccc2NC(=O)Cc2c1,CHEMBL4436028,3000.0,CYP2C8,-11.67157
OC(=O)c1ccc(cn1)N1CCC2(CC(=C2)c2c(onc2-c2c(Cl)cccc2Cl)C2CC2)CC1,CHEMBL4868516,7400.0,CYP2C8,-10.20018
Cn1cc(C(O)=O)c2ccc(cc12)N1CCC2(CC(=C2)c2c(onc2-c2c(Cl)cccc2Cl)C2CC2)CC1,CHEMBL4853954,,CYP2C8,-12.68395
Clc1ccccc1C(c1ccccc1)(c1ccccc1)n1ccnc1,CHEMBL104,803.0,CYP2C8,-8.39979
CCN([C@H]1CC[C@@H](CC1)N(C)C)c1cc(cc(C(=O)NCc2c(C)cc(C)[nH]c2=O)c1C)-c1ccc(OCCOC)cc1,CHEMBL3672840,100000.0,CYP2C8,-10.14589
CNC(=O)c1c(oc2ccc(cc12)-c1cc(ccc1C)C(=O)NC1(CC1)c1ccccn1)-c1ccc(F)cc1,CHEMBL4078188,1000.0,CYP2C8,-11.81112
Cc1ccc(C)c(OCCCC(C)(C)C(=O)O[C@@H]2O[C@@H]([C@@H](O)[C@H](O)[C@H]2O)C(O)=O)c1,CHEMBL2181817,1800.0,CYP2C8,-10.01782
CC(C)(C)NC(=O)c1ccc(Oc2cc(F)c(CC(O)=O)cc2Cl)c(NS(=O)(=O)c2ccc(cc2Cl)C2CC2)c1,CHEMBL1951575,5400.0,CYP2C8,-11.02295
O[C@@H]1CCN(Cc2nc3c4cc(Br)ccc4oc3c(=O)[nH]2)C1,CHEMBL2030386,20000.0,CYP2C8,-8.94167
Cc1ccc(C)c(OCCCC(C)(C)C(O)=O)c1,CHEMBL457,95000.0,CYP2C8,-8.39735
COc1ccc2[nH]c(SCc3cccc(c3)-c3ccccc3)nc2c1,CHEMBL2018923,250.0,CYP2C8,-10.45644
O.CS(O)(=O)=O.COc1ccc2n(cc(CN3CCN(C)CC3)c2c1)S(=O)(=O)c1ccccc1Br,CHEMBL4082473,10000.0,CYP2C8,-9.28033
CCCCNc1nc(N)nc2cccc(C(=O)N(C)Cc3ccccc3)c12,CHEMBL4218623,10000.0,CYP2C8,-8.39765
CCCCC(=O)N(Cc1ccc2OCCOc2c1)c1cccc(c1)-c1nnn[nH]1,CHEMBL2036203,570.0,CYP2C8,-9.13845
CCN(CC)C(c1nnnn1C(C)(C)C)c1cccc(Nc2ccnc3cc(Cl)ccc23)c1,CHEMBL2413881,220.0,CYP2C8,-9.69936
Cc1cc(CNC(=O)c2cc(ncn2)C(=O)NCc2ccc(F)c(C)c2)ccc1F,CHEMBL514794,20000.0,CYP2C8,-10.91003
CC(=O)N1CCN(CC1)c1ccc(OCC2COC(Cn3ccnc3)(O2)c2ccc(Cl)cc2Cl)cc1,CHEMBL157101,2450.0,CYP2C8,-10.41485
COC(=O)C1=C(C)NC(C)=C(C1c1cccc(c1)[N+]([O-])=O)C(=O)OCCN(C)Cc1ccccc1,CHEMBL1484,1560.0,CYP2C8,-8.90975
CCN([C@H]1CC[C@@H](CC1)N(C)CCOC)c1cc(cc(C(=O)NCc2c(C)cc(C)[nH]c2=O)c1C)C#CCN1CCOCC1,CHEMBL3672841,100000.0,CYP2C8,-10.06064
CC(C)(CCN(C[C@H]1Cc2ccccc2CN1)[C@H]1CCCc2cccnc12)CNC1CCC(F)(F)CC1,CHEMBL4094400,5000.0,CYP2C8,-10.50465
Cc1cn(cn1)-c1ccc2C(=O)N(CCOc3ccc(Cl)cc3C(F)(F)F)CCn2c1=O,CHEMBL3127906,12300.0,CYP2C8,-10.10779
N[C@H](C(=O)N1[C@H]2C[C@H]2C[C@H]1C#N)C12CC3CC(CC(O)(C3)C1)C2,CHEMBL385517,50000.0,CYP2C8,-8.53126
CC(NC(=O)c1[nH]cc(Cc2ccc(nc2)C(F)(F)F)c1C)c1cnn(C)c1,CHEMBL4850393,20000.0,CYP2C8,-9.60389
CC(C)(O)CC(=O)N[C@@H]1CC[C@@]2([C@H]1CCc1cc(ccc21)C(F)(C(F)(F)F)C(F)(F)F)S(=O)(=O)c1ccc(F)cc1,CHEMBL4784900,12000.0,CYP2C8,-11.06853
FC(F)(F)C1(CC1)c1ccc(CC(=O)Nc2ccn(Cc3ccc(cn3)C#N)n2)cc1,CHEMBL4217292,14000.0,CYP2C8,-9.47012
CN(CCCCN(C[C@H]1Cc2ncccc2CN1)[C@H]1CCCc2cccnc12)C1CCC(F)(F)CC1,CHEMBL5093818,20000.0,CYP2C8,-10.44335
CS(=O)(=O)c1ccc(CN(C(=O)C2CCCC2)c2cc(F)cc(c2)-c2nnn[nH]2)cc1,CHEMBL2036223,220.0,CYP2C8,-9.86248
Cc1ccc2c3O[C@@H](CN4CCN(CC4)c4ccc5cc(ccc5n4)C#N)COc3ccc2n1,CHEMBL551964,29000.0,CYP2C8,-11.6425
Cc1cc(C)nc(n1)N1C[C@@H]2CN(C[C@@H]2C1)C(=O)c1c(F)cccc1-n1nccn1,CHEMBL3586436,10000.0,CYP2C8,-9.62519
CNC(=O)Nc1ccc2c(CC[C@@]22OC(=O)N(CC(=O)N(Cc3ccccc3)[C@@H](C)C(F)(F)F)C2=O)c1,CHEMBL4174931,990.0,CYP2C8,-10.70288
Cc1cc(C[C@@H](NC(=O)N2CCC3(CC2)OC(=O)Nc2ncccc32)C(=O)N[C@@H](CC2CCNCC2)C(=O)N2CCN(CC2)c2ccncc2)cc2cn[nH]c12,CHEMBL4635331,50118.72,CYP2C8,-12.66599
Fc1ccc(NS(=O)(=O)c2ccc(Oc3ccc(C#N)c(Cl)c3)c(c2)C#N)nc1,CHEMBL3683287,11900.0,CYP2C8,-10.13265
Cl.Cl.C[C@@H](N[C@H]1CCN(C1)c1ccc(CC(O)=O)cc1)c1cccc2ccccc12,CHEMBL4128835,50000.0,CYP2C8,-11.08653
Nc1ccc(cc1NC(=O)c1ccc(nc1)N1CCC2(CNC(=O)O2)CC1)-c1cccs1,CHEMBL3286732,10000.0,CYP2C8,-10.30125
CC(C)(O)c1ccccc1CC[C@@H](SCC1(CC(O)=O)CC1)c1cccc(\\C=C\\c2ccc3ccc(Cl)cc3n2)c1,CHEMBL787,1270.0,CYP2C8,-11.98714
C[C@H](CN[C@@H](C(=O)Nc1ccc(cn1)-c1cnn(C)c1)c1ccccc1)c1ccc(cc1)C#N,CHEMBL4641354,1900.0,CYP2C8,-9.97006
N[C@H](C(=O)N1[C@H]2C[C@H]2C[C@H]1C#N)C12CC3CC(O)(CC(O)(C3)C1)C2,CHEMBL3350936,200000.0,CYP2C8,-8.78004
OC(=O)c1ccc2cc(ccc2n1)N1CCC2(CC(=C2)c2c(onc2-c2c(Cl)cc(F)cc2Cl)C2CC2)CC1,CHEMBL4868096,8200.0,CYP2C8,-11.82548
CC[C@H](C)[C@@H]([C@@H](CC(=O)N1CCC[C@H]1[C@H](OC)[C@@H](C)C(=O)N[C@H](C)[C@@H](O)c1ccccc1)OC)N(C)C(=O)[C@@H](NC(=O)[C@H](C(C)C)N(C)C(=O)OCc1ccc(NC(=O)[C@H](CCCNC(N)=O)NC(=O)[C@@H](NC(=O)CCCc2cn(CCCNC(=O)[C@H](Cc3ccc(O)cc3)NC(=O)[C@H](Cc3ccccc3)NC(=O)CCC(=O)NCCCCCC(=O)N(CCCC[C@H](NC(=O)N[C@@H](CCC(O)=O)C(O)=O)C(O)=O)Cc3cccc(Cl)c3)nn2)C(C)C)cc1)C(C)C,CHEMBL5083665,25000.0,CYP2C8,
Fc1ccc(cc1)S(=O)(=O)[C@@]12CCN([C@@H]1CCc1cc(ccc21)C(F)(C(F)(F)F)C(F)(F)F)C(=O)C1CCS(=O)(=O)CC1,CHEMBL4435992,9400.0,CYP2C8,-12.80539
Cc1cccc(c1)C(C)(O)c1nc(c[nH]1)-n1ccc(NC(=O)c2cscn2)cc1=O,CHEMBL3810414,21000.0,CYP2C8,-9.92314
C[C@H](Oc1cc2cc(F)ccc2nc1N)c1[nH]c(=O)ccc1-n1cccn1,CHEMBL4650304,21800.0,CYP2C8,-9.17766
COc1ccc(CCC(O)=O)cc1-c1ccc(cc1[C@@H]1CC[C@H]2[C@H](OC(=O)N12)c1cc(cc(c1)C(F)(F)F)C(F)(F)F)C(F)(F)F,CHEMBL4848777,2000.0,CYP2C8,-11.51351
COc1cccc(c1)C(=O)COc1ccc(CC2SC(=O)NC2=O)cc1,CHEMBL4291468,7000.0,CYP2C8,-9.59182
CCc1ccc(nc1)C(=O)COc1ccc(CC2SC(=O)NC2=O)cc1,CHEMBL146624,26000.0,CYP2C8,-9.61256
C[C@H]1SC(N)=N[C@]2(CO[C@H](C[C@@H]12)c1nc(C)co1)c1ccc(F)cc1F,CHEMBL3422241,30000.0,CYP2C8,-9.32022
Cl.C[C@H](NC(=O)[C@H]1CCCCN1CCOc1ccccc1)c1ccc(cc1)C(O)=O,CHEMBL3115074,10000.0,CYP2C8,-10.01157
CC(C)COc1ccc(cn1)-c1cn(C)c2cc(C(=O)NS(C)(=O)=O)c(F)cc12,CHEMBL4550045,1000.0,CYP2C8,-9.30116
COc1ccc2[nH]c(SCC3CC3)nc2c1,CHEMBL2018911,50000.0,CYP2C8,-7.07481
COc1cc(ncc1C#N)[C@@H](O)CN1CCN(C[C@H](O)c2ccc3C(=O)OCc3c2C)CC1,CHEMBL3612810,50000.0,CYP2C8,-10.56136
Cl.Nc1cccc(c1)-c1ccc2nc(-c3cccnc3N)n(-c3ccc(cc3)C3(N)CCC3)c2n1,CHEMBL4574111,20000.0,CYP2C8,-10.82232
Cc1ccccc1[C@H]1[C@@H]2CN(C[C@H]2CC[C@@H]1O[C@H](CO)c1cc(cc(c1)C(F)(F)F)C(F)(F)F)C1=NC(=O)CO1,CHEMBL2402572,21000.0,CYP2C8,-11.55996
Fc1ccc(N2CCN(Cc3ccn4c(CC5CC5)nnc4c3C(F)(F)F)CC2)c(F)c1,CHEMBL3926416,20000.0,CYP2C8,-9.80102
CCC(C)(C)C(O)=O,CHEMBL286013,10000000.0,CYP2C8,-4.63312
C[C@H](c1ccc(cc1C(F)(F)F)C(F)(F)F)n1cc(NC(=O)c2nnc(s2)-c2ccccn2)cn1,CHEMBL5094827,33300.0,CYP2C8,-11.00271
C[C@H](c1ccc(cc1C(F)(F)F)C(F)(F)F)n1cc(NC(=O)c2cc(on2)-c2ccccn2)c(C)n1,CHEMBL5075836,1000.0,CYP2C8,-10.96912
Cl.Cl.CCc1ccncc1-c1ccc(CN)s1,CHEMBL4161819,1500.0,CYP2C8,-7.67972
Cl.Cl.NCc1ccc(s1)-c1cnccc1-c1ccccc1,CHEMBL4175869,1100.0,CYP2C8,-7.49512
Cl.Cl.CCCc1ccncc1C#CCN,CHEMBL4171984,20000.0,CYP2C8,-6.89052
Cl.Cl.Cl.NCC#Cc1cnccc1-c1cccnc1,CHEMBL4170930,25000.0,CYP2C8,-7.73896
CS[C@]1(CCN(CC(=O)N2CCC(=CC2)c2ccc(cc2)-c2ncn(C)n2)C1)C(=O)Nc1ccc2[nH]nc(-c3ccc(OC(C)C)nc3)c2c1,CHEMBL4213970,3500.0,CYP2C8,-12.44738
O[C@H](C[C@H]1c2c(cccc2F)-c2cncn12)[C@H]1CC[C@H](O)CC1,CHEMBL3989951,100000.0,CYP2C8,-9.76075
CCN(CC)Cc1ccc(Nc2ccnc3cc(Cl)ccc23)cc1O,CHEMBL147587,13000.0,CYP2C8,-8.67488
CC(C)(C)NCc1ccc(Nc2ccnc3cc(Cl)ccc23)cc1O,CHEMBL147806,23000.0,CYP2C8,-9.4508
C[C@H]1N(CCc2c1nnn2-c1cc(F)ccn1)C(=O)c1cccc(c1Cl)C(F)(F)F,CHEMBL4094806,10000.0,CYP2C8,-9.82525
CNC(=O)N1[C@@H](C2=C(CCC2=O)N(C1=O)c1cccc(c1)C(F)(F)F)c1ccc(cc1S(C)(=O)=O)C#N,CHEMBL3617975,50000.0,CYP2C8,-10.08431
O[C@H]1CN(CC[C@@H]1c1ccnc2ccc(F)cc12)C(=O)C(=O)Nc1ccc(Cl)cc1,CHEMBL4753967,9500.0,CYP2C8,-11.10333
CC[C@H](NS(=O)(=O)c1ccc(-c2sc(nc2C(=O)N2CCC(F)CC2)C(=O)NCC(C)(C)O)c(Cl)c1Cl)C(F)(F)F,CHEMBL4645439,10000.0,CYP2C8,-10.26365
Nc1ccc(cc1)S(=O)(=O)N(CCCO)c1ccnn1-c1ccccc1,CHEMBL120825,22000.0,CYP2C8,-8.21864
Cc1c(cccc1-n1cnc2ccccc2c1=O)-c1ccc(C(N)=O)c2[nH]c3cc(ccc3c12)C(C)(C)O,CHEMBL3918580,8000.0,CYP2C8,-12.61042
CN[C@@H](C)C(=O)Nc1ccc(-c2c(nc3cc(C)ccn23)-c2ccc(C)nc2)c(n1)C#Cc1ccc2c(C)nccc2c1,CHEMBL3896543,25000.0,CYP2C8,-11.1871
COc1cc(cc(n1)-c1ccc(cc1)C(O)=O)C(=O)N1CCC2(CC1)Cc1cnn(C(C)C)c1C(=O)C2,CHEMBL4567446,50000.0,CYP2C8,-11.3443
C[C@@H](N1CCN(CC1)C(=O)CC(F)(F)F)c1ccnc(Nc2nc3ccc(cc3[nH]2)-c2cc(ncn2)N(C)C)c1,CHEMBL4537673,860.0,CYP2C8,-10.73682
C[C@H]1C[C@@H](CC[C@H]1C(=O)N1CC[C@@]2([C@H]1CCc1cc(ccc21)C(F)(C(F)(F)F)C(F)(F)F)S(=O)(=O)c1ccc(F)cc1)C(O)=O,CHEMBL4634542,16000.0,CYP2C8,-12.42076
Cl.Cl.NCC#Cc1cncc2ccccc12,CHEMBL4160946,,CYP2C8,-8.11252
CCCSc1nc2cc(OC)ccc2[nH]1,CHEMBL2018905,3120.0,CYP2C8,-6.95375
CNC(=O)C(=O)NCCCCC=CCCCCCCCCCc1nnn[nH]1,CHEMBL4463477,50000.0,CYP2C8,-7.57117
COc1ccc2[nH]c(SCCCC(O)=O)nc2c1,CHEMBL2018914,50000.0,CYP2C8,-7.37554
CCCCCCSc1nc2cc(OC)ccc2[nH]1,CHEMBL2018907,2420.0,CYP2C8,-7.0871
OC(=O)c1ccccc1NC(=O)CCc1noc-2c1CCc1cc(O)ccc-21,CHEMBL483353,5900.0,CYP2C8,-10.35218
Cc1ncn(n1)-c1cc(Cl)c(C(=O)NC[C@@H](c2cccc(F)c2)c2ccc3[nH]c(C)nc3c2)c(Cl)c1,CHEMBL3627897,1573.0,CYP2C8,-11.34916
Cc1c(OCC(F)(F)F)ccnc1C[S+]([O-])c1nc2ccccc2[nH]1,CHEMBL480,5750.0,CYP2C8,-8.6397
CNC(C)C(=O)Nc1ccc(-c2c(nc3cc(C)ccn23)-c2ccncc2)c(n1)C#Cc1ccc2nc(C)ccc2c1,CHEMBL3910478,500.0,CYP2C8,-11.60739
CN[C@@H](C)C(=O)Nc1ccc(-c2c(nc3cc(C)ccn23)-c2cnc(C)nc2)c(n1)C#Cc1ccc2c(C)nccc2c1,CHEMBL3967713,50000.0,CYP2C8,-10.91228
Cc1ccc(C(O)=O)c(C)c1NC(=O)c1nc(ccc1C)-c1cccc(CO)c1,CHEMBL3754085,10000.0,CYP2C8,-10.70054
[O-][N+](=O)c1ncn(CC(=O)N2CCN(Cc3ccc(Cl)c(Cl)c3)CC2)n1,CHEMBL3633321,20000.0,CYP2C8,-8.74297
Cl.Nc1ncccc1-c1nc2ccc(nc2n1-c1ccc(cc1)C1(N)CCC1)-c1ccccc1,CHEMBL4523032,20000.0,CYP2C8,-10.47855
Fc1ccc(cc1)C(CCCN1CCC(CC1)n1c2ccccc2[nH]c1=O)c1ccc(F)cc1,CHEMBL1423,30000.0,CYP2C8,-11.22823
Cl.Cl.Cl.NCc1ccc(o1)-c1cnccc1-c1ccncc1,CHEMBL4176506,25000.0,CYP2C8,-7.36464
Cl.Cl.Cl.NCc1ccc(s1)-c1cnccc1-c1cccnc1,CHEMBL4164142,3000.0,CYP2C8,-7.39987
Cl.Cl.Cl.NCC#Cc1cncnc1,CHEMBL4169290,,CYP2C8,-5.82543
Cc1ccc(C(O)=O)c(C)c1NC(=O)c1cc(cc2ccccc12)-c1cccc(Cl)c1,CHEMBL3740325,10000.0,CYP2C8,-11.62508
CCCCNc1nc(N)nc2cccc(C(=O)NCc3ccccc3)c12,CHEMBL4213687,10000.0,CYP2C8,-10.20369
OC(=O)COC[C@H]1CC[C@H](COC(=O)N(c2ccccc2)c2cccc(F)c2)CC1,CHEMBL3933704,50000.0,CYP2C8,-9.30687
C1N=C(Nc2cc3ccccc3cn2)O[C@]11CN2CCC1CC2,CHEMBL3918431,40000.0,CYP2C8,-9.36256
CCCCCCCC(=O)CCc1ccc(O)c(OC)c1,CHEMBL2071440,8300.0,CYP2C8,-7.52598
OC(=O)c1ccccc1NC(=O)CCc1csc(n1)-c1ccc(O)cc1Cl,CHEMBL482480,2800.0,CYP2C8,-9.46868
CCn1cnc2c(cnnc12)-c1ccc(F)c(c1)-c1cc2CN(C)C(=O)c2cc1OC,CHEMBL4545044,15200.0,CYP2C8,-10.58243
CN[C@@H](C)C(=O)Nc1ccc(-c2c(nc3cc(C)ccn23)-c2ccnc(OC)c2)c(n1)C#Cc1ccc2n(C)c(=O)ccc2c1,CHEMBL3969059,4500.0,CYP2C8,-11.35564
C[C@@H]1CC2C(Nc3ccccc23)[C@H](N1CC(C)(C)F)c1c(F)cc(\\C=C\\C(O)=O)cc1F,CHEMBL5085311,4700.0,CYP2C8,-9.6667
Fc1ccc(cc1)S(=O)(=O)[C@@]12CCN([C@@H]1CCc1cc(cnc21)C(F)(C(F)(F)F)C(F)(F)F)C(=O)[C@@H]1CCC(=O)N1CCC#N,CHEMBL4793083,20000.0,CYP2C8,-11.76077
C[C@@](O)(CS(C)(=O)=O)C(=O)N[C@@H]1CC[C@@]2([C@H]1CCc1nc(ccc21)C(F)(C(F)(F)F)C(F)(F)F)S(=O)(=O)c1ccc(F)cc1,CHEMBL4760466,7600.0,CYP2C8,-11.1779
FC(F)Oc1ccc2[nH]c(SCc3ccccn3)nc2c1,CHEMBL2019025,50000.0,CYP2C8,-8.5131
CN(C)C(=O)Cn1ccc2ncc(cc12)-c1cccc(Cl)c1,CHEMBL4451099,10000.0,CYP2C8,-9.06527
CC(NC(=O)c1[nH]cc(c1C)C1(CC1)c1ccc(nc1)C(F)(F)F)c1nc[nH]n1,CHEMBL4848632,20000.0,CYP2C8,-9.51479
CN(C)C(=O)Cn1ccc2ncc(cc12)-c1ccc(C)s1,CHEMBL4575739,10000.0,CYP2C8,-7.81568
CO[C@H](C1COC1)c1cc(Cl)c2CCN(Cc3c(OC)cc(C)[nH]c3=O)C(=O)c2c1Cl,CHEMBL4080228,30000.0,CYP2C8,-8.60497
C[C@@H]1Cc2c([nH]c3ccccc23)[C@H](N1CC(C)(C)F)c1c(F)cc(cc1F)-c1ccc(cc1)C(O)=O,CHEMBL5090655,9220.0,CYP2C8,-11.39088
COc1ccc(CN2CCN(CC2)c2ccc(NC(=O)c3ccccc3NC(=O)c3cnc4ccccc4c3)cc2)cc1OC,CHEMBL266212,13300.0,CYP2C8,-11.31422
CN(C)CCn1cc2cc(NC(=O)c3cccc(n3)C(F)(F)F)c(cc2n1)C(C)(C)O,CHEMBL4791626,30000.0,CYP2C8,-9.12951
COc1ccc2ncc(F)c(C[C@H](O)[C@H]3OC[C@@H](CO3)NCc3cc4SCCOc4nn3)c2n1,CHEMBL4852949,10000.0,CYP2C8,-10.46087
COc1cc(F)c(cc1-c1ccc(cc1[C@@H]1CC[C@H]2[C@H](OC(=O)N12)c1cc(cc(c1)C(F)(F)F)C(F)(F)F)C(F)(F)F)-c1ccc(cc1C)C(O)=O,CHEMBL3657473,8000.0,CYP2C8,-14.29139
NCCc1ccc(cc1)S(=O)(=O)N(CCCO)c1ccnn1-c1ccccc1,CHEMBL331431,250000.0,CYP2C8,-8.33715
CN(C)C(=O)Cn1ccc2ncc(cc12)-c1ccc(F)c(F)c1,CHEMBL4591770,10000.0,CYP2C8,-8.93533
Cc1c(nc2ccc(Br)cc2c1C(=O)NC12CCC(CC1)(CC2)C(O)=O)-c1ccccc1,CHEMBL4789100,10000.0,CYP2C8,-10.98198
FC(F)(F)c1ccc(Cn2cc(NC(=O)c3cc(on3)-c3ccco3)cn2)c(c1)C(F)(F)F,CHEMBL5073329,960.0,CYP2C8,-10.40291
C[C@@H](c1ccc(cc1C(F)(F)F)C(F)(F)F)n1cc(NC(=O)c2cc(on2)-c2ccco2)cn1,CHEMBL5076457,1350.0,CYP2C8,-10.41913
CCNC(=O)N1[C@@H](C2=C(CCC2=O)N(C1=O)c1cccc(c1)C(F)(F)F)c1ccc(cc1S(C)(=O)=O)C#N,CHEMBL4110666,50000.0,CYP2C8,-10.5471
CO[C@H]1C[C@H](O[C@H]2[C@H](C)O[C@H](C[C@@H]2OC)O[C@H]2[C@@H](C)C=CC=C3CO[C@@H]4[C@H](O)C(C)=C[C@@H](C(=O)O[C@H]5C[C@@H](C\\C=C2/C)O[C@@]2(CC[C@H](C)[C@H](O2)C(C)C)C5)[C@]34O)O[C@@H](C)[C@@H]1O.CC[C@H](C)[C@H]1O[C@]2(CC[C@@H]1C)C[C@@H]1C[C@@H](CC=C(C)[C@@H](O[C@H]3C[C@H](OC)[C@@H](O[C@H]4C[C@H](OC)[C@@H](O)[C@H](C)O4)[C@H](C)O3)[C@@H](C)\\C=C\\C=C3CO[C@@H]4[C@H](O)C(C)=C[C@@H](C(=O)O1)[C@]34O)O2,CHEMBL1200633,30000.0,CYP2C8,-9.50841
CN(C)C(=O)Cn1ccc2ncc(cc12)-c1ccc(F)c(Cl)c1,CHEMBL4593473,10000.0,CYP2C8,-9.17243
NC(=O)c1c2NCC[C@@H](C3CCN(CC3)C(=O)C=C)n2nc1-c1ccc(Oc2ccccc2)cc1,CHEMBL3936761,4000.0,CYP2C8,-11.37277
CCCN(c1ccnn1-c1ccccc1)S(=O)(=O)c1ccc(C)cc1,CHEMBL121040,15000.0,CYP2C8,-8.51007
Cc1c(nc2ccc(Br)cc2c1C(=O)NC[C@H](CCC(O)=O)c1ccccc1Cl)N1CCCC1,CHEMBL4643852,20000.0,CYP2C8,-10.2396
C1N=C(Nc2cc3ccccc3cn2)O[C@]11CN2CCC1CC2,CHEMBL3918431,40000.0,CYP2C8,-9.36256
C[C@H](NS(=O)(=O)c1ccc(-c2sc(nc2C(=O)N2CC[C@H](F)C[C@@H]2C)C(=O)NCC(C)(C)O)c(Cl)c1Cl)C(F)(F)F,CHEMBL4634281,10000.0,CYP2C8,-10.77997
C[C@H](NS(=O)(=O)c1ccc(-c2sc(nc2C(=O)N2CCC(F)(F)C2)C(=O)NCC(C)(C)O)c(Cl)c1Cl)C(F)(F)F,CHEMBL4647147,10000.0,CYP2C8,-10.64884
CCCCCCCCCCCC(=O)OCC(COP(O)(=O)OCCNC(=O)c1ccc(Cn2c3nc(OCCOC)nc(N)c3[nH]c2=O)cc1)OC(=O)CCCCCCCCCCC,CHEMBL4106421,100000.0,CYP2C8,-8.80785
Cl.CC(=O)Nc1cccc(c1)-c1ccc2nc(-c3cccnc3N)n(-c3ccc(CN)cc3)c2n1,CHEMBL4546484,20000.0,CYP2C8,-10.89656
COc1ccc(CN2CCN(CC2)c2ccc(NC(=O)c3cc(OC)c(OC)cc3NC(=O)c3cnc4ccccc4c3)cc2)cc1OC,CHEMBL242983,1080.0,CYP2C8,-10.76305
NC(=O)c1ccc(nc1Oc1ccc(Oc2ccccc2)cc1)N1C[C@@H]2C[C@H]1CN2C(=O)C=C,CHEMBL4242598,100.0,CYP2C8,-11.04968
CC(C)(O)CNC(=O)N1[C@@H](C2=C(CCC2=O)N(C1=O)c1cccc(c1)C(F)(F)F)c1ccc(cc1)C#N,CHEMBL4112323,50000.0,CYP2C8,-10.85855
CN1C(=O)N(Cc2cc(Cl)ccc2F)C(=O)[C@]11C(=O)N(CC(O)=O)c2ccc(Cl)cc12,CHEMBL2042239,10000.0,CYP2C8,-9.74551
Fc1ccc(cc1)S(=O)(=O)N1[C@@H](C2CC2)C2(CCS(=O)(=O)CC2)c2cc(ccc12)C(=O)NCc1ncc(cc1Cl)C(F)(F)F,CHEMBL4537788,1000.0,CYP2C8,-12.21999
CC(C)(O)CN1[C@@H](C[C@@H](F)C1=O)C(=O)N1CC[C@@]2([C@H]1CCc1cc(ccc21)C(F)(C(F)(F)F)C(F)(F)F)S(=O)(=O)c1ccc(F)cc1,CHEMBL4782326,20000.0,CYP2C8,-10.3579
CS(O)(=O)=O.[2H]C([2H])=CC(=O)Nc1cc(Nc2nccc(n2)-c2cn(c3ccccc23)C([2H])([2H])[2H])c(OC)cc1N(C)CCN(C)C,CHEMBL4784911,29300.0,CYP2C8,-9.92055
Cc1c(cccc1-n1c(=O)cc2c(Cl)cccn2c1=O)-c1c(Cl)cc(C(N)=O)c2[nH]c3cc(ccc3c12)C(C)(C)O,CHEMBL3928976,3200.0,CYP2C8,-12.34087
Cc1cc(Nc2nc(nc3ccccc23)C(O)c2ccc(F)cc2)n[nH]1,CHEMBL3545241,23100.0,CYP2C8,-10.45432
C1CC2(C1)CN1CCNCc3cccc2c13,CHEMBL4636196,50000.0,CYP2C8,-7.73808
CCCCNc1nc(N)nc2cccc(C(=O)N[C@@H](C)c3ccccc3)c12,CHEMBL4207296,10000.0,CYP2C8,-9.57566
[Cl-].Cc1c(O)c(O)cc[n+]1[C@@H](CO)Cc1ccccc1,CHEMBL4467408,200000.0,CYP2C8,-7.71717
CC(NC(=O)c1[nH]cc(c1C)C1(CC1)c1ccc(c(c1)C#N)C(F)(F)F)c1nc[nH]n1,CHEMBL4876457,,CYP2C8,-9.98668
COc1ccc2[nH]c(SCc3ccc(cc3)C(O)=O)nc2c1,CHEMBL2018922,50000.0,CYP2C8,-8.68389
COc1ccc2[nH]c(SCc3ccc(C)cc3)nc2c1,CHEMBL2018916,3320.0,CYP2C8,-8.78064
Cl.NC(=O)[C@@H]1CC[C@@H](N1)c1ccc(OCc2ccccc2F)cc1,CHEMBL3544912,100000.0,CYP2C8,-9.77505
COc1ccc2[nH]c(SCc3ccc4ccccc4n3)nc2c1,CHEMBL2018924,3490.0,CYP2C8,-9.28297
Nc1nc(-c2cccc(c2CO)-n2ccc3cc(cc(F)c3c2=O)C2CC2)c2cc([nH]c2n1)C1=CCN(CC1)C1COC1,CHEMBL5077961,3170.0,CYP2C8,-12.61648
CC(C)(Oc1ccc(cc1)-c1cnc(N)c(c1)-c1ccc(Cl)cc1)C(O)=O,CHEMBL4746566,3000.0,CYP2C8,-10.15555
C[C@H]1C[C@@H](CC[C@H]1C(=O)N1CC[C@@]2([C@H]1CCc1cc(c(F)cc21)C(F)(C(F)(F)F)C(F)(F)F)S(=O)(=O)c1ccccc1)C(O)=O,CHEMBL4763134,1900.0,CYP2C8,-11.32891
CN([C@H]1CCN(C1)[C@H]1CCC[C@H](C1)NC(=O)c1cc2c(F)ccc(C)c2[nH]1)S(C)(=O)=O,CHEMBL5091591,16000.0,CYP2C8,-10.37984
Cc1cc([nH]c1C(=O)N[C@@H](CN)c1ncc(CO)s1)-c1ccc(cn1)C(F)(F)F,CHEMBL4447583,100000.0,CYP2C8,-8.89481
C[C@]1(Cn2c(cnc2C(N)=N1)C#N)c1cc(NC(=O)c2ccc(cn2)C#N)ccc1F,CHEMBL2152899,10000.0,CYP2C8,-9.28915
C[C@@H]1CCN(C[C@H]1c1cc(nc2ncnn12)C(F)F)c1cc(ccn1)-c1ccccc1,CHEMBL4741218,10000.0,CYP2C8,-11.49512
Cc1cnc(cc1Nc1ccnc2cn[nH]c12)-c1cc(Cl)ccc1F,CHEMBL4084771,398.11,CYP2C8,-9.49075
COc1cnc(-n2cnc(C)n2)c2[nH]cc(C(=O)C(=O)N3CCN(CC3)C(=O)c3ccccc3)c12,CHEMBL3301620,25000.0,CYP2C8,-10.9648
NC[C@H](NC(=O)c1ccc([nH]1)-c1cc(F)c(Cl)c(F)c1)c1nc(CO)cs1,CHEMBL4761836,25000.0,CYP2C8,-9.37921
FC(F)(F)Oc1ccc(cc1)-c1ccc2OCCN(Cc3ncccn3)C(=O)c2c1,CHEMBL3707392,10000.0,CYP2C8,-9.87241
Fc1ccc(cc1)S(=O)(=O)[C@@]12CC[C@@H](NC(=O)C3CCS(=O)(=O)CC3)[C@@H]1CCc1nc(ccc21)C(F)(C(F)(F)F)C(F)(F)F,CHEMBL4744956,16000.0,CYP2C8,-11.72771
C[C@](O)(CS(C)(=O)=O)C(=O)N[C@@H]1CC[C@@]2([C@H]1CCc1cc(ccc21)C(F)(C(F)(F)F)C(F)(F)F)S(=O)(=O)c1ccc(F)cc1,CHEMBL4741364,13000.0,CYP2C8,-11.03946
C(N1CCC(CC1)c1nc(cs1)-c1cc2ccccc2o1)c1nc2ncccc2[nH]1,CHEMBL4798829,7800.0,CYP2C8,-10.78929
CCN1C(=O)N(Cc2cnc3[nH]c(CN4CCOCC4)cc3c12)c1c(F)c(OC)cc(OC)c1F,CHEMBL4297522,25000.0,CYP2C8,-9.1626
CNc1nc(Nc2ccc(c(OC)c2)-n2cnc(C)n2)nc2[C@@H](CCc12)c1ccc(F)cc1,CHEMBL4209316,4500.0,CYP2C8,-10.72661
CCc1cccc(CC)c1N1CCn2cc(cc2C1=O)-c1nc(Nc2ccc(cc2OC)N2CCC(CC2)C(=O)N2CC3(CN(C)C3)C2)nc2[nH]ccc12,CHEMBL5085753,30000.0,CYP2C8,-12.56712
CC(c1ccc(cc1C(F)(F)F)C(F)(F)F)n1cc(NC(=O)c2nnc(s2)-c2cnccn2)cn1,CHEMBL5077430,50000.0,CYP2C8,-10.13145
Fc1ccc(cc1)S(=O)(=O)[C@@]12CCN([C@@H]1CCc1cc(ccc21)C(F)(C(F)(F)F)C(F)(F)F)C(=O)[C@@H]1CCC(=O)N1CCC#N,CHEMBL4763978,13000.0,CYP2C8,-11.15866
CC(c1ccc(cc1C(F)(F)F)C(F)(F)F)n1cc(NC(=O)c2cnc(s2)-c2ccccn2)cn1,CHEMBL5087303,1800.0,CYP2C8,-10.45107
CN(C)C(=O)Cn1ccc2ncc(cc12)-c1cc(C)cs1,CHEMBL4529810,10000.0,CYP2C8,-8.40661
C[C@@H](c1ccc(cc1C(F)(F)F)C(F)(F)F)n1cc(NC(=O)c2cc(on2)-c2ccccn2)cn1,CHEMBL5088282,860.0,CYP2C8,-10.99717
CCN(CC)C(=O)c1nc(sc1-c1ccc(c(Cl)c1Cl)S(=O)(=O)N[C@@H](C)C(F)(F)F)C(=O)NCC(C)(C)O,CHEMBL4643735,10000.0,CYP2C8,-9.36953
CC[C@H](NS(=O)(=O)c1ccc(-c2sc(nc2C(=O)N2CCCC[C@@H]2C)C(=O)NCC(C)(C)O)c(C(F)F)c1F)C(F)(F)F,CHEMBL4646215,10000.0,CYP2C8,-10.5361
Fc1ccc(cc1)S(=O)(=O)[C@@]12CCN([C@@H]1CCc1nc(ccc21)C(F)(C(F)(F)F)C(F)(F)F)C(=O)[C@@H]1CCC(=O)N1CCC#N,CHEMBL4754719,20000.0,CYP2C8,-11.6171
OC(=O)c1cc(F)c2nc(sc2c1)N1CCC2(CC(=C2)c2c(onc2-c2c(Cl)cccc2Cl)C2CC2)CC1,CHEMBL4846941,6900.0,CYP2C8,-11.33549
COc1cnc(cn1)C(=O)Nc1ccc(F)c(c1)[C@]1(C)Cn2nc(cc2C(N)=N1)C#N,CHEMBL5074068,30000.0,CYP2C8,-9.05798
COc1cc2CC(CC3(F)CCN(Cc4ccccc4F)CC3)C(=O)c2cc1OC,CHEMBL4859647,30000.0,CYP2C8,-10.63096
Cc1c(NC(=O)c2cc(on2)-c2ccco2)cnn1Cc1ccc(cc1C(F)(F)F)C(F)(F)F,CHEMBL5087993,50000.0,CYP2C8,-10.60291
C[C@@H](OC(=O)Nc1c(C)noc1-c1ccc(cc1)-c1ccc(cc1)C1(CC1)C(O)=O)c1ccccc1,CHEMBL4297270,3500.0,CYP2C8,-11.76135
Cc1cc(NC2Cc3cc(F)c(F)cc3C2)n2nc(nc2n1)C(C)(F)F,CHEMBL4794107,,CYP2C8,-9.96942
Fc1ccc(NC(=O)c2cc[nH]n2)nc1,CHEMBL3604137,,CYP2C8,-7.35039
CCOP(=O)(Cn1ccc(NC(=O)c2cc(OC(C)C)cc(Oc3cnc(cn3)C(=O)N3CCC3)c2)n1)OCC,CHEMBL5072532,7700.0,CYP2C8,-9.61429
COc1ccc(cc1-c1ncc(cc1[C@@H]1CC[C@H]2[C@H](OC(=O)N12)c1cc(cc(c1)C(F)(F)F)C(F)(F)F)C(F)(F)F)-c1c(C)cc(cc1C)C(O)=O,CHEMBL3657535,11000.0,CYP2C8,-13.85888
OC(=O)C[C@@H]1CCc2cc(OCCCOc3ccc(cc3)-c3nc4CCCCc4s3)ccc12,CHEMBL375812,10000.0,CYP2C8,-10.37222
COc1ncc(cc1-c1ncc(cc1[C@@H]1CC[C@H]2[C@H](OC(=O)N12)c1cc(cc(c1)C(F)(F)F)C(F)(F)F)C(F)(F)F)-c1ccc(cc1C)C(O)=O,CHEMBL3657536,4000.0,CYP2C8,-13.41233
COc1ccc(cc1-c1ccc(cc1[C@@H]1CC[C@H]2[C@H](OC(=O)N12)c1cc(cc(c1)C(F)(F)F)C(F)(F)F)C(F)(F)F)[C@H]1C[C@@H](C1)C(O)=O,CHEMBL3933320,4000.0,CYP2C8,-11.74415
CN[C@@H](C)C(=O)Nc1ccc(-c2c(nc3cc(C)ccn23)-c2ccnc(C)c2)c(n1)C#Cc1ccccc1,CHEMBL3958007,15000.0,CYP2C8,-10.65544
COc1ccc2cc(ccc2c1)-c1cc(nn1[C@@H](C)c1ccc(cc1)C(=O)NCCC(O)=O)-c1cc(Cl)cc(Cl)c1,CHEMBL1933349,2700.0,CYP2C8,-11.31736
CNC(C)C(=O)Nc1ccc(-c2c(nc3cc(C)ccn23)-c2ccncc2)c(n1)C#Cc1ccc2N(C)C(=O)COc2c1,CHEMBL3947193,4900.0,CYP2C8,-10.89506
CCCN(C)C(=O)OCc1c(nnn1C)-c1ccc(O[C@H]2CCC[C@@H](C2)C(O)=O)c(C)n1,CHEMBL5087506,40000.0,CYP2C8,-9.42789
Cc1cc(C(O)=O)c2oc(CNC(=O)c3cnn4cccnc34)c(Cl)c2c1,CHEMBL5077683,20000.0,CYP2C8,-9.90072
CN(CC1CCC1)C(=O)OCc1c(nnn1C)-c1ccc(O[C@H]2CCC[C@@H](C2)C(O)=O)c(C)n1,CHEMBL5072201,40000.0,CYP2C8,-9.56413
C(N1CCC(CC1)c1nc(cs1)-c1cc2ccccc2o1)c1nc2cnccc2[nH]1,CHEMBL5086239,590.0,CYP2C8,-10.46812
CC(C)([C@@H]1c2ccc(nc2Oc2c(F)cccc12)-c1ccc(cc1)C(=O)N1CCOCC1)C(=O)NC(N)=O,CHEMBL3315061,8900.0,CYP2C8,-11.80215
C[C@@H](NC(=O)c1ccc(Cl)cc1)[C@H]1CC[C@H](CC1)c1ccnc2ccc(F)cc12,CHEMBL4786690,1390.0,CYP2C8,-11.38626
C[C@H]1CO[C@@H]2Cn3cc(C(=O)NCc4ccc(F)nc4F)c(=O)c(O)c3C(=O)N12,CHEMBL4744587,10000.0,CYP2C8,-10.32241
CC(C)(O)C(=O)N[C@@H]1CC[C@@]2([C@H]1CCc1nc(ccc21)C(F)(C(F)(F)F)C(F)(F)F)S(=O)(=O)c1ccc(F)cc1,CHEMBL4750756,8300.0,CYP2C8,-10.60406
COc1ccc(CCN(C)CCCC(C#N)(C(C)C)c2ccc(OC)c(OC)c2)cc1OC,CHEMBL6966,30000.0,CYP2C8,-8.17491
COC[C@](CO)(OC[C@H]1O[C@H]([C@H](O)[C@@H]1O)n1ncc2c(NC3CCCC3)nc(Cl)nc12)P(O)(O)=O,CHEMBL4764985,20000.0,CYP2C8,-9.57201
CC[C@](CO)(c1ccc(Cl)cc1)n1ccc2c(NS(C)(=O)=O)cccc12,CHEMBL4439903,13000.0,CYP2C8,-8.72496
CCC(C)(C)C(O)=O,CHEMBL286013,10000000.0,CYP2C8,-4.63312
C[C@@H](Nc1c(Cl)c(C)nc2cc(F)c(nc12)-c1cnc(nc1)C(C)(C)O)c1cc(ccc1F)C#N,CHEMBL4777447,6700.0,CYP2C8,-10.43405
CCn1c(nc2c(ncnc12)-c1cnc2NC(=O)[C@@](C)(NCC(C)(C)F)c2c1)-c1cnc(C)nc1,CHEMBL4750385,50000.0,CYP2C8,-10.46595
C[C@@H]1CCO[C@H]2Cn3cc(C(=O)NCc4ccc(F)cc4F)c(=O)c(O)c3C(=O)N12,CHEMBL1229211,100000.0,CYP2C8,-10.14032
OC(=O)c1ccc(nc1)N1CCC2(CC(=C2)c2c(onc2-c2c(Cl)cccc2Cl)C2CC2)CC1,CHEMBL4875500,8200.0,CYP2C8,-11.32977
OC(=O)c1ccc2cc(ccc2n1)N1CCC2(CC(=C2)c2c(onc2-c2c(Cl)cncc2Cl)C2CC2)CC1,CHEMBL4858615,8500.0,CYP2C8,-11.71403
C[C@@](O)(CS(C)(=O)=O)C(=O)N[C@@H]1CC[C@@]2([C@H]1CCc1cc(ccc21)C(F)(C(F)(F)F)C(F)(F)F)S(=O)(=O)c1ccc(F)cc1,CHEMBL4779994,5000.0,CYP2C8,-11.47472
C[C@H]1CC[C@H](Cn2c(nc3cc(nc(-c4cncc(Cl)c4)c23)-c2noc(=O)[nH]2)N2CCO[C@@H]3CCC[C@@H]23)CC1,CHEMBL3647052,800.0,CYP2C8,-11.67583
Cc1nc(C)c(-c2ccc(OCCc3ccc(F)cc3)cc2)c(N2CCC(C)(C)CC2)c1[C@H](OC(C)(C)C)C(O)=O,CHEMBL5093378,24300.0,CYP2C8,-10.02523
Cn1c2ncc(cc2n(CC(=O)N2CCC2)c1=O)-c1ccc(s1)C(F)(F)F,CHEMBL4779889,50000.0,CYP2C8,-8.93059
NC(=O)[C@@H]1C[C@H](F)CN1Cc1ccc(OCc2cccc(F)c2)cc1,CHEMBL5083414,29000.0,CYP2C8,-9.42007
CC(NC(=O)c1[nH]cc(Cc2ccc(nc2)C(F)(F)F)c1C)c1cn[nH]c1,CHEMBL4850116,18300.0,CYP2C8,-9.1849
C[C@H](c1ccc(cc1C(F)(F)F)C(F)(F)F)n1cc(NC(=O)c2cc(no2)-c2ccccn2)cn1,CHEMBL5075406,1140.0,CYP2C8,-11.29355
COc1ncc(cc1-c1ccc(cc1[C@@H]1CC[C@H]2[C@H](OC(=O)N12)c1cc(F)cc(c1)C(F)(F)F)C(F)(F)F)-c1ccc(cc1C)C(O)=O,CHEMBL3657527,3000.0,CYP2C8,-13.38502
C[C@H](c1ccc(cc1C(F)(F)F)C(F)(F)F)n1cc(NC(=O)c2cc(on2)-c2cnccn2)cn1,CHEMBL5092425,43270.0,CYP2C8,-10.83898
FC(F)(F)c1ccc(Cn2cc(NC(=O)c3cc(on3)-c3ncccn3)cn2)c(c1)C(F)(F)F,CHEMBL5077812,50000.0,CYP2C8,-10.66965
FC(F)(F)c1ccc(Cn2cc(NC(=O)c3cc(on3)-c3cnccn3)cn2)c(c1)C(F)(F)F,CHEMBL5092621,50000.0,CYP2C8,-10.60273
C[C@H](c1ccc(cc1C(F)(F)F)C(F)(F)F)n1cc(NC(=O)c2nnc(s2)-c2cnccn2)cn1,CHEMBL5094932,50000.0,CYP2C8,-10.5696
